11:53:11,-34.24657534
11:53:12,-34.24657534
11:53:13,-34.24657534
11:53:15,-34.24657534
11:53:16,-34.24657534
11:53:17,-34.24657534
11:53:18,-34.24657534
11:53:19,-34.24657534
11:53:20,-34.24657534
11:53:21,-34.24657534
11:53:22,-34.24657534
11:53:23,-34.24657534
11:53:24,-34.24657534
11:53:25,-34.24657534
11:53:26,-34.24657534
11:53:28,-34.24657534
11:53:29,-34.24657534
11:53:30,-34.24657534
11:53:31,-34.24657534
11:53:32,-34.24657534
11:53:33,-34.24657534
11:53:34,-34.24657534
11:53:35,-34.24657534
11:53:36,-34.24657534
11:53:37,-34.24657534
11:53:38,-34.24657534
11:53:39,-34.24657534
11:53:41,-34.24657534
11:53:42,-30.82191781
11:53:43,-34.24657534
11:53:44,-34.24657534
11:53:45,-34.24657534
11:53:46,-34.24657534
11:53:47,-30.82191781
11:53:48,-34.24657534
11:53:49,-34.24657534
11:53:50,-34.24657534
11:53:51,-34.24657534
11:53:52,-34.24657534
11:53:54,-34.24657534
11:53:55,-34.24657534
11:53:56,-34.24657534
11:53:57,-34.24657534
11:53:58,-30.82191781
11:53:59,-34.24657534
11:54:0,-34.24657534
11:54:1,-34.24657534
11:54:2,-34.24657534
11:54:3,-34.24657534
11:54:4,-34.24657534
11:54:5,-34.24657534
11:54:7,-34.24657534
11:54:8,-30.82191781
11:54:9,-34.24657534
11:54:10,-34.24657534
11:54:11,-34.24657534
11:54:12,-34.24657534
11:54:13,-30.82191781
11:54:14,-34.24657534
11:54:15,-34.24657534
11:54:16,-30.82191781
11:54:17,-34.24657534
11:54:18,-34.24657534
11:54:19,-34.24657534
11:54:21,-34.24657534
11:54:22,-34.24657534
11:54:23,-34.24657534
11:54:24,-34.24657534
11:54:25,-34.24657534
11:54:26,-30.82191781
11:54:27,-34.24657534
11:54:28,-34.24657534
11:54:29,-34.24657534
11:54:30,-34.24657534
11:54:31,-30.82191781
11:54:32,-34.24657534
11:54:34,-34.24657534
11:54:35,-34.24657534
11:54:36,-34.24657534
11:54:37,-30.82191781
11:54:38,-30.82191781
11:54:39,-34.24657534
11:54:40,-34.24657534
11:54:41,-34.24657534
11:54:42,-34.24657534
11:54:43,-34.24657534
11:54:44,-34.24657534
11:54:45,-34.24657534
11:54:47,-30.82191781
11:54:48,-34.24657534
11:54:49,-34.24657534
11:54:50,-34.24657534
11:54:51,-34.24657534
11:54:52,-30.82191781
11:54:53,-34.24657534
11:54:54,-34.24657534
11:54:55,-34.24657534
11:54:56,-30.82191781
11:54:57,-30.82191781
11:54:58,-34.24657534
11:55:0,-34.24657534
11:55:1,-30.82191781
11:55:2,-34.24657534
11:55:3,-34.24657534
11:55:4,-34.24657534
11:55:5,-34.24657534
11:55:6,-34.24657534
11:55:7,-34.24657534
11:55:8,-34.24657534
11:55:9,-34.24657534
11:55:10,-34.24657534
11:55:11,-34.24657534
11:55:13,-34.24657534
11:55:14,-34.24657534
11:55:15,-34.24657534
11:55:16,-34.24657534
11:55:17,-34.24657534
11:55:18,-34.24657534
11:55:19,-34.24657534
11:55:20,-30.82191781
11:55:21,-34.24657534
11:55:22,-34.24657534
11:55:23,-30.82191781
11:55:24,-30.82191781
11:55:25,-34.24657534
11:55:27,-34.24657534
11:55:28,-30.82191781
11:55:29,-34.24657534
11:55:30,-34.24657534
11:55:31,-34.24657534
11:55:32,-34.24657534
11:55:33,-30.82191781
11:55:34,-30.82191781
11:55:35,-34.24657534
11:55:36,-34.24657534
11:55:37,-34.24657534
11:55:38,-34.24657534
11:55:40,-34.24657534
11:55:41,-30.82191781
11:55:42,-34.24657534
11:55:43,-34.24657534
11:55:44,-34.24657534
11:55:45,-34.24657534
11:55:46,-34.24657534
11:55:47,-30.82191781
11:55:48,-34.24657534
11:55:49,-34.24657534
11:55:50,-34.24657534
11:55:51,-34.24657534
11:55:53,-34.24657534
11:55:54,-34.24657534
11:55:55,-34.24657534
11:55:56,-34.24657534
11:55:57,-34.24657534
11:55:58,-34.24657534
11:55:59,-34.24657534
11:56:0,-34.24657534
11:56:1,-34.24657534
11:56:2,-34.24657534
11:56:3,-34.24657534
11:56:4,-34.24657534
11:56:6,-30.82191781
11:56:7,-34.24657534
11:56:8,-34.24657534
11:56:9,-34.24657534
11:56:10,-34.24657534
11:56:11,-34.24657534
11:56:12,-34.24657534
11:56:13,-34.24657534
11:56:14,-34.24657534
11:56:15,-34.24657534
11:56:16,-34.24657534
11:56:17,-34.24657534
11:56:19,-34.24657534
11:56:20,-34.24657534
11:56:21,-30.82191781
11:56:22,-34.24657534
11:56:23,-30.82191781
11:56:24,-34.24657534
11:56:25,-34.24657534
11:56:26,-34.24657534
11:56:27,-34.24657534
11:56:28,-34.24657534
11:56:29,-34.24657534
11:56:30,-34.24657534
11:56:32,-34.24657534
11:56:33,-34.24657534
11:56:34,-34.24657534
11:56:35,-34.24657534
11:56:36,-34.24657534
11:56:37,-34.24657534
11:56:38,-34.24657534
11:56:39,-34.24657534
11:56:40,-34.24657534
11:56:41,-34.24657534
11:56:42,-34.24657534
11:56:43,-34.24657534
11:56:45,-34.24657534
11:56:46,-34.24657534
11:56:47,-34.24657534
11:56:48,-34.24657534
11:56:49,-34.24657534
11:56:50,-34.24657534
11:56:51,-30.82191781
11:56:52,-34.24657534
11:56:53,-34.24657534
11:56:54,-34.24657534
11:56:55,-34.24657534
11:56:56,-34.24657534
11:56:57,-34.24657534
11:56:59,-34.24657534
11:57:0,-34.24657534
11:57:1,-30.82191781
11:57:2,-34.24657534
11:57:3,-34.24657534
11:57:4,-30.82191781
11:57:5,-34.24657534
11:57:6,-34.24657534
11:57:7,-34.24657534
11:57:8,-34.24657534
11:57:9,-34.24657534
11:57:10,-34.24657534
11:57:12,-30.82191781
11:57:13,-34.24657534
11:57:14,-34.24657534
11:57:15,-34.24657534
11:57:16,-30.82191781
11:57:17,-34.24657534
11:57:18,-34.24657534
11:57:19,-30.82191781
11:57:20,-34.24657534
11:57:21,-34.24657534
11:57:22,-34.24657534
11:57:23,-34.24657534
11:57:25,-34.24657534
11:57:26,-34.24657534
11:57:27,-34.24657534
11:57:28,-34.24657534
11:57:29,-34.24657534
11:57:30,-34.24657534
11:57:31,-34.24657534
11:57:32,-34.24657534
11:57:33,-34.24657534
11:57:34,-34.24657534
11:57:35,-34.24657534
11:57:36,-34.24657534
11:57:38,-34.24657534
11:57:39,-34.24657534
11:57:40,-34.24657534
11:57:41,-34.24657534
11:57:42,-34.24657534
11:57:43,-34.24657534
11:57:44,-34.24657534
11:57:45,-34.24657534
11:57:46,-34.24657534
11:57:47,-34.24657534
11:57:48,-30.82191781
11:57:49,-34.24657534
11:57:51,-34.24657534
11:57:52,-34.24657534
11:57:53,-34.24657534
11:57:54,-30.82191781
11:57:55,-34.24657534
11:57:56,-30.82191781
11:57:57,-30.82191781
11:57:58,-34.24657534
11:57:59,-34.24657534
11:58:0,-34.24657534
11:58:1,-34.24657534
11:58:2,-34.24657534
11:58:3,-34.24657534
11:58:5,-34.24657534
11:58:6,-34.24657534
11:58:7,-34.24657534
11:58:8,-34.24657534
11:58:9,-34.24657534
11:58:10,-34.24657534
11:58:11,-34.24657534
11:58:12,-34.24657534
11:58:13,-34.24657534
11:58:14,-34.24657534
11:58:15,-34.24657534
11:58:16,-34.24657534
11:58:18,-30.82191781
11:58:19,-34.24657534
11:58:20,-34.24657534
11:58:21,-34.24657534
11:58:22,-34.24657534
11:58:23,-34.24657534
11:58:24,-34.24657534
11:58:25,-34.24657534
11:58:26,-34.24657534
11:58:27,-30.82191781
11:58:28,-30.82191781
11:58:29,-34.24657534
11:58:31,-34.24657534
11:58:32,-34.24657534
11:58:33,-34.24657534
11:58:34,-34.24657534
11:58:35,-34.24657534
11:58:36,-30.82191781
11:58:37,-34.24657534
11:58:38,-34.24657534
11:58:39,-34.24657534
11:58:40,-34.24657534
11:58:41,-30.82191781
11:58:42,-34.24657534
11:58:44,-30.82191781
11:58:45,-34.24657534
11:58:46,-34.24657534
11:58:47,-34.24657534
11:58:48,-34.24657534
11:58:49,-34.24657534
11:58:50,-34.24657534
11:58:51,-34.24657534
11:58:52,-30.82191781
11:58:53,-34.24657534
11:58:54,-34.24657534
11:58:55,-34.24657534
11:58:57,-34.24657534
11:58:58,-34.24657534
11:58:59,-30.82191781
11:59:0,-34.24657534
11:59:1,-34.24657534
11:59:2,-34.24657534
11:59:3,-34.24657534
11:59:4,-34.24657534
11:59:5,-34.24657534
11:59:6,-34.24657534
11:59:7,-34.24657534
11:59:8,-34.24657534
11:59:10,-30.82191781
11:59:11,-34.24657534
11:59:12,-34.24657534
11:59:13,-34.24657534
11:59:14,-34.24657534
11:59:15,-34.24657534
11:59:16,-34.24657534
11:59:17,-30.82191781
11:59:18,-30.82191781
11:59:19,-34.24657534
11:59:20,-30.82191781
11:59:21,-30.82191781
11:59:23,-30.82191781
11:59:24,-34.24657534
11:59:25,-34.24657534
11:59:26,-34.24657534
11:59:27,-34.24657534
11:59:28,-30.82191781
11:59:29,-34.24657534
11:59:30,-34.24657534
11:59:31,-34.24657534
11:59:32,-34.24657534
11:59:33,-34.24657534
11:59:34,-34.24657534
11:59:36,-34.24657534
11:59:37,-34.24657534
11:59:38,-34.24657534
11:59:39,-34.24657534
11:59:40,-34.24657534
11:59:41,-30.82191781
11:59:42,-34.24657534
11:59:43,-34.24657534
11:59:44,-34.24657534
11:59:45,-34.24657534
11:59:46,-34.24657534
11:59:47,-34.24657534
11:59:48,-34.24657534
11:59:50,-34.24657534
11:59:51,-34.24657534
11:59:52,-34.24657534
11:59:53,-34.24657534
11:59:54,-34.24657534
11:59:55,-30.82191781
11:59:56,-30.82191781
11:59:57,-34.24657534
11:59:58,-30.82191781
11:59:59,-34.24657534
12:0:0,-34.24657534
12:0:1,-30.82191781
12:0:3,-30.82191781
12:0:4,-34.24657534
12:0:5,-34.24657534
12:0:6,-34.24657534
12:0:7,-34.24657534
12:0:8,-34.24657534
12:0:9,-34.24657534
12:0:10,-34.24657534
12:0:11,-34.24657534
12:0:12,-34.24657534
12:0:13,-34.24657534
12:0:14,-34.24657534
12:0:16,-30.82191781
12:0:17,-30.82191781
12:0:18,-34.24657534
12:0:19,-34.24657534
12:0:20,-34.24657534
12:0:21,-34.24657534
12:0:22,-34.24657534
12:0:23,-34.24657534
12:0:24,-34.24657534
12:0:25,-34.24657534
12:0:26,-34.24657534
12:0:27,-34.24657534
12:0:29,-34.24657534
12:0:30,-34.24657534
12:0:31,-34.24657534
12:0:32,-34.24657534
12:0:33,-34.24657534
12:0:34,-34.24657534
12:0:35,-34.24657534
12:0:36,-34.24657534
12:0:37,-34.24657534
12:0:38,-34.24657534
12:0:39,-34.24657534
12:0:40,-34.24657534
12:0:42,-30.82191781
12:0:43,-34.24657534
12:0:44,-34.24657534
12:0:45,-34.24657534
12:0:46,-34.24657534
12:0:47,-34.24657534
12:0:48,-34.24657534
12:0:49,-34.24657534
12:0:50,-34.24657534
12:0:51,-34.24657534
12:0:52,-34.24657534
12:0:53,-34.24657534
12:0:54,-34.24657534
12:0:56,-34.24657534
12:0:57,-34.24657534
12:0:58,-34.24657534
12:0:59,-34.24657534
12:1:0,-34.24657534
12:1:1,-34.24657534
12:1:2,-34.24657534
12:1:3,-34.24657534
12:1:4,-34.24657534
12:1:5,-34.24657534
12:1:6,-34.24657534
12:1:7,-34.24657534
12:1:9,-34.24657534
12:1:10,-34.24657534
12:1:11,-34.24657534
12:1:12,-34.24657534
12:1:13,-34.24657534
12:1:14,-34.24657534
12:1:15,-30.82191781
12:1:16,-34.24657534
12:1:17,-30.82191781
12:1:18,-34.24657534
12:1:19,-34.24657534
12:1:20,-34.24657534
12:1:22,-34.24657534
12:1:23,-34.24657534
12:1:24,-34.24657534
12:1:25,-34.24657534
12:1:26,-34.24657534
12:1:27,-34.24657534
12:1:28,-34.24657534
12:1:29,-34.24657534
12:1:30,-34.24657534
12:1:31,-34.24657534
12:1:32,-30.82191781
12:1:33,-34.24657534
12:1:35,-34.24657534
12:1:36,-34.24657534
12:1:37,-34.24657534
12:1:38,-34.24657534
12:1:39,-34.24657534
12:1:40,-30.82191781
12:1:41,-34.24657534
12:1:42,-34.24657534
12:1:43,-34.24657534
12:1:44,-34.24657534
12:1:45,-34.24657534
12:1:46,-34.24657534
12:1:48,-34.24657534
12:1:49,-34.24657534
12:1:50,-34.24657534
12:1:51,-34.24657534
12:1:52,-34.24657534
12:1:53,-34.24657534
12:1:54,-34.24657534
12:1:55,-34.24657534
12:1:56,-34.24657534
12:1:57,-34.24657534
12:1:58,-34.24657534
12:1:59,-34.24657534
12:2:1,-34.24657534
12:2:2,-34.24657534
12:2:3,-34.24657534
12:2:4,-30.82191781
12:2:5,-30.82191781
12:2:6,-34.24657534
12:2:7,-34.24657534
12:2:8,-34.24657534
12:2:9,-34.24657534
12:2:10,-34.24657534
12:2:11,-34.24657534
12:2:12,-34.24657534
12:2:13,-30.82191781
12:2:15,-34.24657534
12:2:16,-34.24657534
12:2:17,-30.82191781
12:2:18,-30.82191781
12:2:19,-34.24657534
12:2:20,-34.24657534
12:2:21,-34.24657534
12:2:22,-34.24657534
12:2:23,-30.82191781
12:2:24,-34.24657534
12:2:25,-34.24657534
12:2:26,-34.24657534
12:2:28,-30.82191781
12:2:29,-34.24657534
12:2:30,-34.24657534
12:2:31,-34.24657534
12:2:32,-34.24657534
12:2:33,-30.82191781
12:2:34,-30.82191781
12:2:35,-30.82191781
12:2:36,-34.24657534
12:2:37,-34.24657534
12:2:38,-34.24657534
12:2:39,-34.24657534
12:2:41,-34.24657534
12:2:42,-34.24657534
12:2:43,-34.24657534
12:2:44,-34.24657534
12:2:45,-34.24657534
12:2:46,-34.24657534
12:2:47,-34.24657534
12:2:48,-30.82191781
12:2:49,-34.24657534
12:2:50,-34.24657534
12:2:51,-34.24657534
12:2:52,-34.24657534
12:2:54,-30.82191781
12:2:55,-34.24657534
12:2:56,-34.24657534
12:2:57,-34.24657534
12:2:58,-34.24657534
12:2:59,-30.82191781
12:3:0,-34.24657534
12:3:1,-34.24657534
12:3:2,-34.24657534
12:3:3,-30.82191781
12:3:4,-34.24657534
12:3:5,-34.24657534
12:3:7,-30.82191781
12:3:8,-34.24657534
12:3:9,-30.82191781
12:3:10,-34.24657534
12:3:11,-34.24657534
12:3:12,-34.24657534
12:3:13,-34.24657534
12:3:14,-34.24657534
12:3:15,-30.82191781
12:3:16,-34.24657534
12:3:17,-34.24657534
12:3:18,-34.24657534
12:3:19,-34.24657534
12:3:21,-34.24657534
12:3:22,-30.82191781
12:3:23,-34.24657534
12:3:24,-34.24657534
12:3:25,-34.24657534
12:3:26,-34.24657534
12:3:27,-34.24657534
12:3:28,-34.24657534
12:3:29,-34.24657534
12:3:30,-34.24657534
12:3:31,-34.24657534
12:3:32,-34.24657534
12:3:33,-34.24657534
12:3:35,-34.24657534
12:3:36,-34.24657534
12:3:37,-34.24657534
12:3:38,-34.24657534
12:3:39,-34.24657534
12:3:40,-34.24657534
12:3:41,-34.24657534
12:3:42,-34.24657534
12:3:43,-34.24657534
12:3:44,-34.24657534
12:3:45,-34.24657534
12:3:46,-34.24657534
12:3:47,-34.24657534
12:3:49,-34.24657534
12:3:50,-34.24657534
12:3:51,-34.24657534
12:3:52,-34.24657534
12:3:53,-34.24657534
12:3:54,-34.24657534
12:3:55,-34.24657534
12:3:56,-34.24657534
12:3:57,-34.24657534
12:3:58,-34.24657534
12:3:59,-34.24657534
12:4:0,-34.24657534
12:4:1,-30.82191781
12:4:3,-30.82191781
12:4:4,-34.24657534
12:4:5,-34.24657534
12:4:6,-34.24657534
12:4:7,-30.82191781
12:4:8,-34.24657534
12:4:9,-30.82191781
12:4:10,-34.24657534
12:4:11,-34.24657534
12:4:12,-34.24657534
12:4:13,-30.82191781
12:4:14,-34.24657534
12:4:16,-34.24657534
12:4:17,-34.24657534
12:4:18,-34.24657534
12:4:19,-34.24657534
12:4:20,-34.24657534
12:4:21,-34.24657534
12:4:22,-34.24657534
12:4:23,-30.82191781
12:4:24,-34.24657534
12:4:25,-34.24657534
12:4:26,-30.82191781
12:4:27,-34.24657534
12:4:28,-30.82191781
12:4:30,-34.24657534
12:4:31,-34.24657534
12:4:32,-34.24657534
12:4:33,-34.24657534
12:4:34,-34.24657534
12:4:35,-34.24657534
12:4:36,-30.82191781
12:4:37,-34.24657534
12:4:38,-34.24657534
12:4:39,-30.82191781
12:4:40,-34.24657534
12:4:41,-30.82191781
12:4:42,-34.24657534
12:4:44,-34.24657534
12:4:45,-34.24657534
12:4:46,-34.24657534
12:4:47,-34.24657534
12:4:48,-34.24657534
12:4:49,-34.24657534
12:4:50,-34.24657534
12:4:51,-34.24657534
12:4:52,-34.24657534
12:4:53,-34.24657534
12:4:54,-34.24657534
12:4:55,-34.24657534
12:4:56,-34.24657534
12:4:58,-34.24657534
12:4:59,-34.24657534
12:5:0,-34.24657534
12:5:1,-34.24657534
12:5:2,-34.24657534
12:5:3,-34.24657534
12:5:4,-30.82191781
12:5:5,-30.82191781
12:5:6,-34.24657534
12:5:7,-30.82191781
12:5:8,-34.24657534
12:5:9,-34.24657534
12:5:10,-34.24657534
12:5:12,-34.24657534
12:5:13,-34.24657534
12:5:14,-30.82191781
12:5:15,-34.24657534
12:5:16,-34.24657534
12:5:17,-34.24657534
12:5:18,-30.82191781
12:5:19,-34.24657534
12:5:20,-34.24657534
12:5:21,-34.24657534
12:5:22,-34.24657534
12:5:23,-34.24657534
12:5:24,-30.82191781
12:5:26,-30.82191781
12:5:27,-34.24657534
12:5:28,-34.24657534
12:5:29,-34.24657534
12:5:30,-34.24657534
12:5:31,-34.24657534
12:5:32,-34.24657534
12:5:33,-34.24657534
12:5:34,-30.82191781
12:5:35,-34.24657534
12:5:36,-34.24657534
12:5:37,-34.24657534
12:5:38,-34.24657534
12:5:40,-34.24657534
12:5:41,-34.24657534
12:5:42,-34.24657534
12:5:43,-34.24657534
12:5:44,-34.24657534
12:5:45,-34.24657534
12:5:46,-34.24657534
12:5:47,-34.24657534
12:5:48,-34.24657534
12:5:49,-34.24657534
12:5:50,-30.82191781
12:5:51,-30.82191781
12:5:52,-30.82191781
12:5:54,-34.24657534
12:5:55,-30.82191781
12:5:56,-34.24657534
12:5:57,-30.82191781
12:5:58,-34.24657534
12:5:59,-34.24657534
12:6:0,-34.24657534
12:6:1,-34.24657534
12:6:2,-34.24657534
12:6:3,-30.82191781
12:6:4,-34.24657534
12:6:5,-34.24657534
12:6:6,-34.24657534
12:6:8,-34.24657534
12:6:9,-34.24657534
12:6:10,-34.24657534
12:6:11,-34.24657534
12:6:12,-34.24657534
12:6:13,-34.24657534
12:6:14,-34.24657534
12:6:15,-34.24657534
12:6:16,-34.24657534
12:6:17,-34.24657534
12:6:18,-34.24657534
12:6:19,-34.24657534
12:6:20,-34.24657534
12:6:22,-34.24657534
12:6:23,-34.24657534
12:6:24,-34.24657534
12:6:25,-34.24657534
12:6:26,-34.24657534
12:6:27,-34.24657534
12:6:28,-34.24657534
12:6:29,-34.24657534
12:6:30,-34.24657534
12:6:31,-34.24657534
12:6:32,-34.24657534
12:6:33,-34.24657534
12:6:34,-34.24657534
12:6:36,-34.24657534
12:6:37,-34.24657534
12:6:38,-34.24657534
12:6:39,-34.24657534
12:6:40,-34.24657534
12:6:41,-34.24657534
12:6:42,-34.24657534
12:6:43,-34.24657534
12:6:44,-34.24657534
12:6:45,-34.24657534
12:6:46,-34.24657534
12:6:47,-34.24657534
12:6:48,-34.24657534
12:6:50,-34.24657534
12:6:51,-34.24657534
12:6:52,-34.24657534
12:6:53,-34.24657534
12:6:54,-30.82191781
12:6:55,-30.82191781
12:6:56,-34.24657534
12:6:57,-34.24657534
12:6:58,-34.24657534
12:6:59,-30.82191781
12:7:0,-34.24657534
12:7:1,-34.24657534
12:7:2,-30.82191781
12:7:4,-34.24657534
12:7:5,-34.24657534
12:7:6,-34.24657534
12:7:7,-34.24657534
12:7:8,-30.82191781
12:7:9,-34.24657534
12:7:10,-34.24657534
12:7:11,-30.82191781
12:7:12,-30.82191781
12:7:13,-30.82191781
12:7:14,-34.24657534
12:7:15,-34.24657534
12:7:17,-34.24657534
12:7:18,-34.24657534
12:7:19,-34.24657534
12:7:20,-30.82191781
12:7:21,-34.24657534
12:7:22,-34.24657534
12:7:23,-34.24657534
12:7:24,-34.24657534
12:7:25,-34.24657534
12:7:26,-30.82191781
12:7:27,-30.82191781
12:7:28,-34.24657534
12:7:29,-30.82191781
12:7:31,-34.24657534
12:7:32,-34.24657534
12:7:33,-34.24657534
12:7:34,-34.24657534
12:7:35,-34.24657534
12:7:36,-34.24657534
12:7:37,-34.24657534
12:7:38,-34.24657534
12:7:39,-34.24657534
12:7:40,-34.24657534
12:7:41,-34.24657534
12:7:42,-34.24657534
12:7:43,-30.82191781
12:7:45,-30.82191781
12:7:46,-34.24657534
12:7:47,-34.24657534
12:7:48,-34.24657534
12:7:49,-34.24657534
12:7:50,-30.82191781
12:7:51,-34.24657534
12:7:52,-34.24657534
12:7:53,-34.24657534
12:7:54,-34.24657534
12:7:55,-34.24657534
12:7:56,-34.24657534
12:7:57,-34.24657534
12:7:59,-34.24657534
12:8:0,-34.24657534
12:8:1,-30.82191781
12:8:2,-34.24657534
12:8:3,-30.82191781
12:8:4,-34.24657534
12:8:5,-34.24657534
12:8:6,-34.24657534
12:8:7,-30.82191781
12:8:8,-34.24657534
12:8:9,-34.24657534
12:8:10,-30.82191781
12:8:12,-30.82191781
12:8:13,-34.24657534
12:8:14,-34.24657534
12:8:15,-30.82191781
12:8:16,-34.24657534
12:8:17,-34.24657534
12:8:18,-30.82191781
12:8:19,-34.24657534
12:8:20,-34.24657534
12:8:21,-30.82191781
12:8:22,-30.82191781
12:8:23,-34.24657534
12:8:24,-34.24657534
12:8:26,-30.82191781
12:8:27,-34.24657534
12:8:28,-34.24657534
12:8:29,-34.24657534
12:8:30,-30.82191781
12:8:31,-34.24657534
12:8:32,-34.24657534
12:8:33,-34.24657534
12:8:34,-34.24657534
12:8:35,-34.24657534
12:8:36,-34.24657534
12:8:37,-30.82191781
12:8:38,-30.82191781
12:8:40,-34.24657534
12:8:41,-34.24657534
12:8:42,-34.24657534
12:8:43,-30.82191781
12:8:44,-34.24657534
12:8:45,-34.24657534
12:8:46,-30.82191781
12:8:47,-34.24657534
12:8:48,-34.24657534
12:8:49,-34.24657534
12:8:50,-34.24657534
12:8:51,-34.24657534
12:8:52,-30.82191781
12:8:54,-30.82191781
12:8:55,-34.24657534
12:8:56,-30.82191781
12:8:57,-34.24657534
12:8:58,-34.24657534
12:8:59,-30.82191781
12:9:0,-34.24657534
12:9:1,-34.24657534
12:9:2,-34.24657534
12:9:3,-34.24657534
12:9:4,-34.24657534
12:9:5,-34.24657534
12:9:6,-34.24657534
12:9:8,-34.24657534
12:9:9,-34.24657534
12:9:10,-34.24657534
12:9:11,-34.24657534
12:9:12,-34.24657534
12:9:13,-34.24657534
12:9:14,-34.24657534
12:9:15,-34.24657534
12:9:16,-34.24657534
12:9:17,-34.24657534
12:9:18,-34.24657534
12:9:19,-34.24657534
12:9:20,-34.24657534
12:9:22,-34.24657534
12:9:23,-34.24657534
12:9:24,-34.24657534
12:9:25,-34.24657534
12:9:26,-34.24657534
12:9:27,-34.24657534
12:9:28,-34.24657534
12:9:29,-34.24657534
12:9:30,-34.24657534
12:9:31,-34.24657534
12:9:32,-34.24657534
12:9:33,-34.24657534
12:9:34,-34.24657534
12:9:36,-34.24657534
12:9:37,-34.24657534
12:9:38,-34.24657534
12:9:39,-30.82191781
12:9:40,-34.24657534
12:9:41,-34.24657534
12:9:42,-34.24657534
12:9:43,-34.24657534
12:9:44,-34.24657534
12:9:45,-30.82191781
12:9:46,-34.24657534
12:9:47,-34.24657534
12:9:48,-34.24657534
12:9:50,-30.82191781
12:9:51,-30.82191781
12:9:52,-34.24657534
12:9:53,-34.24657534
12:9:54,-30.82191781
12:9:55,-34.24657534
12:9:56,-34.24657534
12:9:57,-30.82191781
12:9:58,-34.24657534
12:9:59,-34.24657534
12:10:0,-34.24657534
12:10:1,-34.24657534
12:10:2,-30.82191781
12:10:4,-34.24657534
12:10:5,-34.24657534
12:10:6,-34.24657534
12:10:7,-34.24657534
12:10:8,-34.24657534
12:10:9,-34.24657534
12:10:10,-34.24657534
12:10:11,-34.24657534
12:10:12,-30.82191781
12:10:13,-34.24657534
12:10:14,-34.24657534
12:10:15,-34.24657534
12:10:16,-34.24657534
12:10:18,-34.24657534
12:10:19,-34.24657534
12:10:20,-34.24657534
12:10:21,-34.24657534
12:10:22,-34.24657534
12:10:23,-34.24657534
12:10:24,-34.24657534
12:10:25,-34.24657534
12:10:26,-30.82191781
12:10:27,-30.82191781
12:10:28,-34.24657534
12:10:29,-30.82191781
12:10:31,-34.24657534
12:10:32,-30.82191781
12:10:33,-34.24657534
12:10:34,-34.24657534
12:10:35,-34.24657534
12:10:36,-34.24657534
12:10:37,-34.24657534
12:10:38,-34.24657534
12:10:39,-34.24657534
12:10:40,-34.24657534
12:10:41,-34.24657534
12:10:42,-34.24657534
12:10:43,-34.24657534
12:10:45,-34.24657534
12:10:46,-34.24657534
12:10:47,-30.82191781
12:10:48,-34.24657534
12:10:49,-30.82191781
12:10:50,-34.24657534
12:10:51,-34.24657534
12:10:52,-34.24657534
12:10:53,-30.82191781
12:10:54,-30.82191781
12:10:55,-34.24657534
12:10:56,-34.24657534
12:10:57,-34.24657534
12:10:59,-30.82191781
12:11:0,-30.82191781
12:11:1,-34.24657534
12:11:2,-34.24657534
12:11:3,-34.24657534
12:11:4,-34.24657534
12:11:5,-34.24657534
12:11:6,-34.24657534
12:11:7,-34.24657534
12:11:8,-34.24657534
12:11:9,-34.24657534
12:11:10,-34.24657534
12:11:12,-34.24657534
12:11:13,-34.24657534
12:11:14,-34.24657534
12:11:15,-34.24657534
12:11:16,-34.24657534
12:11:17,-34.24657534
12:11:18,-30.82191781
12:11:19,-34.24657534
12:11:20,-34.24657534
12:11:21,-30.82191781
12:11:22,-34.24657534
12:11:23,-34.24657534
12:11:24,-30.82191781
12:11:26,-34.24657534
12:11:27,-34.24657534
12:11:28,-34.24657534
12:11:29,-34.24657534
12:11:30,-30.82191781
12:11:31,-34.24657534
12:11:32,-34.24657534
12:11:33,-30.82191781
12:11:34,-34.24657534
12:11:35,-30.82191781
12:11:36,-34.24657534
12:11:37,-30.82191781
12:11:38,-34.24657534
12:11:40,-34.24657534
12:11:41,-34.24657534
12:11:42,-34.24657534
12:11:43,-30.82191781
12:11:44,-34.24657534
12:11:45,-34.24657534
12:11:46,-34.24657534
12:11:47,-34.24657534
12:11:48,-34.24657534
12:11:49,-30.82191781
12:11:50,-34.24657534
12:11:52,-30.82191781
12:11:53,-34.24657534
12:11:54,-34.24657534
12:11:55,-34.24657534
12:11:56,-30.82191781
12:11:57,-30.82191781
12:11:58,-30.82191781
12:11:59,-34.24657534
12:12:0,-34.24657534
12:12:1,-30.82191781
12:12:2,-34.24657534
12:12:3,-34.24657534
12:12:4,-34.24657534
12:12:6,-34.24657534
12:12:7,-34.24657534
12:12:8,-34.24657534
12:12:9,-34.24657534
12:12:10,-34.24657534
12:12:11,-34.24657534
12:12:12,-34.24657534
12:12:13,-34.24657534
12:12:14,-34.24657534
12:12:15,-34.24657534
12:12:16,-34.24657534
12:12:17,-30.82191781
12:12:18,-34.24657534
12:12:20,-34.24657534
12:12:21,-34.24657534
12:12:22,-34.24657534
12:12:23,-34.24657534
12:12:24,-34.24657534
12:12:25,-34.24657534
12:12:26,-34.24657534
12:12:27,-34.24657534
12:12:28,-30.82191781
12:12:29,-34.24657534
12:12:30,-34.24657534
12:12:31,-34.24657534
12:12:32,-34.24657534
12:12:34,-34.24657534
12:12:35,-30.82191781
12:12:36,-34.24657534
12:12:37,-30.82191781
12:12:38,-30.82191781
12:12:39,-34.24657534
12:12:40,-34.24657534
12:12:41,-34.24657534
12:12:42,-34.24657534
12:12:43,-34.24657534
12:12:44,-34.24657534
12:12:45,-34.24657534
12:12:46,-34.24657534
12:12:48,-34.24657534
12:12:49,-34.24657534
12:12:50,-30.82191781
12:12:51,-34.24657534
12:12:52,-34.24657534
12:12:53,-34.24657534
12:12:54,-34.24657534
12:12:55,-34.24657534
12:12:56,-34.24657534
12:12:57,-30.82191781
12:12:58,-34.24657534
12:12:59,-34.24657534
12:13:1,-34.24657534
12:13:2,-30.82191781
12:13:3,-34.24657534
12:13:4,-34.24657534
12:13:5,-34.24657534
12:13:6,-30.82191781
12:13:7,-30.82191781
12:13:8,-34.24657534
12:13:9,-34.24657534
12:13:10,-34.24657534
12:13:11,-34.24657534
12:13:12,-34.24657534
12:13:13,-34.24657534
12:13:15,-30.82191781
12:13:16,-30.82191781
12:13:17,-34.24657534
12:13:18,-34.24657534
12:13:19,-34.24657534
12:13:20,-30.82191781
12:13:21,-34.24657534
12:13:22,-30.82191781
12:13:23,-30.82191781
12:13:24,-30.82191781
12:13:25,-34.24657534
12:13:26,-34.24657534
12:13:27,-34.24657534
12:13:29,-30.82191781
12:13:30,-34.24657534
12:13:31,-34.24657534
12:13:32,-34.24657534
12:13:33,-34.24657534
12:13:34,-34.24657534
12:13:35,-34.24657534
12:13:36,-34.24657534
12:13:37,-34.24657534
12:13:38,-34.24657534
12:13:39,-34.24657534
12:13:40,-34.24657534
12:13:41,-34.24657534
12:13:43,-34.24657534
12:13:44,-34.24657534
12:13:45,-34.24657534
12:13:46,-34.24657534
12:13:47,-34.24657534
12:13:48,-30.82191781
12:13:49,-34.24657534
12:13:50,-34.24657534
12:13:51,-34.24657534
12:13:52,-34.24657534
12:13:53,-34.24657534
12:13:54,-34.24657534
12:13:56,-34.24657534
12:13:57,-34.24657534
12:13:58,-34.24657534
12:13:59,-34.24657534
12:14:0,-34.24657534
12:14:1,-30.82191781
12:14:2,-34.24657534
12:14:3,-34.24657534
12:14:4,-34.24657534
12:14:5,-34.24657534
12:14:6,-34.24657534
12:14:7,-30.82191781
12:14:8,-30.82191781
12:14:10,-34.24657534
12:14:11,-34.24657534
12:14:12,-34.24657534
12:14:13,-34.24657534
12:14:14,-34.24657534
12:14:15,-34.24657534
12:14:16,-34.24657534
12:14:17,-34.24657534
12:14:18,-34.24657534
12:14:19,-34.24657534
12:14:20,-34.24657534
12:14:21,-34.24657534
12:14:22,-30.82191781
12:14:24,-34.24657534
12:14:25,-34.24657534
12:14:26,-34.24657534
12:14:27,-34.24657534
12:14:28,-34.24657534
12:14:29,-34.24657534
12:14:30,-34.24657534
12:14:31,-34.24657534
12:14:32,-34.24657534
12:14:33,-30.82191781
12:14:34,-30.82191781
12:14:35,-30.82191781
12:14:36,-34.24657534
12:14:38,-34.24657534
12:14:39,-34.24657534
12:14:40,-34.24657534
12:14:41,-34.24657534
12:14:42,-34.24657534
12:14:43,-30.82191781
12:14:44,-30.82191781
12:14:45,-34.24657534
12:14:46,-34.24657534
12:14:47,-30.82191781
12:14:48,-34.24657534
12:14:49,-34.24657534
12:14:50,-30.82191781
12:14:52,-34.24657534
12:14:53,-34.24657534
12:14:54,-34.24657534
12:14:55,-34.24657534
12:14:56,-34.24657534
12:14:57,-34.24657534
12:14:58,-34.24657534
12:14:59,-34.24657534
12:15:0,-34.24657534
12:15:1,-34.24657534
12:15:2,-30.82191781
12:15:3,-34.24657534
12:15:4,-30.82191781
12:15:6,-34.24657534
12:15:7,-34.24657534
12:15:8,-34.24657534
12:15:9,-34.24657534
12:15:10,-34.24657534
12:15:11,-34.24657534
12:15:12,-34.24657534
12:15:13,-34.24657534
12:15:14,-34.24657534
12:15:15,-34.24657534
12:15:16,-34.24657534
12:15:17,-34.24657534
12:15:18,-34.24657534
12:15:20,-34.24657534
12:15:21,-30.82191781
12:15:22,-34.24657534
12:15:23,-34.24657534
12:15:24,-30.82191781
12:15:25,-34.24657534
12:15:26,-34.24657534
12:15:27,-34.24657534
12:15:28,-34.24657534
12:15:29,-30.82191781
12:15:30,-34.24657534
12:15:31,-34.24657534
12:15:32,-34.24657534
12:15:34,-34.24657534
12:15:35,-34.24657534
12:15:36,-34.24657534
12:15:37,-34.24657534
12:15:38,-34.24657534
12:15:39,-34.24657534
12:15:40,-34.24657534
12:15:41,-34.24657534
12:15:42,-34.24657534
12:15:43,-30.82191781
12:15:44,-34.24657534
12:15:45,-34.24657534
12:15:47,-34.24657534
12:15:48,-34.24657534
12:15:49,-34.24657534
12:15:50,-34.24657534
12:15:51,-34.24657534
12:15:52,-34.24657534
12:15:53,-34.24657534
12:15:54,-34.24657534
12:15:55,-34.24657534
12:15:56,-34.24657534
12:15:57,-34.24657534
12:15:58,-34.24657534
12:15:59,-34.24657534
12:16:1,-34.24657534
12:16:2,-34.24657534
12:16:3,-34.24657534
12:16:4,-34.24657534
12:16:5,-34.24657534
12:16:6,-34.24657534
12:16:7,-34.24657534
12:16:8,-34.24657534
12:16:9,-34.24657534
12:16:10,-34.24657534
12:16:11,-30.82191781
12:16:12,-34.24657534
12:16:13,-30.82191781
12:16:15,-34.24657534
12:16:16,-34.24657534
12:16:17,-34.24657534
12:16:18,-34.24657534
12:16:19,-34.24657534
12:16:20,-34.24657534
12:16:21,-34.24657534
12:16:22,-34.24657534
12:16:23,-34.24657534
12:16:24,-34.24657534
12:16:25,-34.24657534
12:16:26,-34.24657534
12:16:27,-34.24657534
12:16:29,-34.24657534
12:16:30,-34.24657534
12:16:31,-34.24657534
12:16:32,-30.82191781
12:16:33,-30.82191781
12:16:34,-34.24657534
12:16:35,-34.24657534
12:16:36,-34.24657534
12:16:37,-34.24657534
12:16:38,-34.24657534
12:16:39,-34.24657534
12:16:40,-34.24657534
12:16:41,-34.24657534
12:16:43,-34.24657534
12:16:44,-34.24657534
12:16:45,-30.82191781
12:16:46,-34.24657534
12:16:47,-34.24657534
12:16:48,-34.24657534
12:16:49,-34.24657534
12:16:50,-34.24657534
12:16:51,-34.24657534
12:16:52,-34.24657534
12:16:53,-34.24657534
12:16:54,-30.82191781
12:16:55,-34.24657534
12:16:57,-34.24657534
12:16:58,-34.24657534
12:16:59,-34.24657534
12:17:0,-30.82191781
12:17:1,-34.24657534
12:17:2,-34.24657534
12:17:3,-34.24657534
12:17:4,-34.24657534
12:17:5,-34.24657534
12:17:6,-34.24657534
12:17:7,-34.24657534
12:17:8,-34.24657534
12:17:9,-34.24657534
12:17:11,-34.24657534
12:17:12,-34.24657534
12:17:13,-34.24657534
12:17:14,-34.24657534
12:17:15,-34.24657534
12:17:16,-30.82191781
12:17:17,-30.82191781
12:17:18,-34.24657534
12:17:19,-34.24657534
12:17:20,-30.82191781
12:17:21,-34.24657534
12:17:22,-34.24657534
12:17:24,-34.24657534
12:17:25,-34.24657534
12:17:26,-34.24657534
12:17:27,-34.24657534
12:17:28,-34.24657534
12:17:29,-30.82191781
12:17:30,-34.24657534
12:17:31,-34.24657534
12:17:32,-30.82191781
12:17:33,-34.24657534
12:17:34,-34.24657534
12:17:35,-30.82191781
12:17:36,-34.24657534
12:17:38,-34.24657534
12:17:39,-34.24657534
12:17:40,-34.24657534
12:17:41,-34.24657534
12:17:42,-34.24657534
12:17:43,-34.24657534
12:17:44,-34.24657534
12:17:45,-34.24657534
12:17:46,-34.24657534
12:17:47,-34.24657534
12:17:48,-34.24657534
12:17:49,-30.82191781
12:17:50,-34.24657534
12:17:52,-34.24657534
12:17:53,-34.24657534
12:17:54,-34.24657534
12:17:55,-34.24657534
12:17:56,-34.24657534
12:17:57,-34.24657534
12:17:58,-34.24657534
12:17:59,-34.24657534
12:18:0,-34.24657534
12:18:1,-30.82191781
12:18:2,-30.82191781
12:18:3,-34.24657534
12:18:4,-34.24657534
12:18:6,-34.24657534
12:18:7,-34.24657534
12:18:8,-34.24657534
12:18:9,-34.24657534
12:18:10,-34.24657534
12:18:11,-34.24657534
12:18:12,-34.24657534
12:18:13,-30.82191781
12:18:14,-34.24657534
12:18:15,-30.82191781
12:18:16,-34.24657534
12:18:17,-34.24657534
12:18:19,-34.24657534
12:18:20,-30.82191781
12:18:21,-34.24657534
12:18:22,-34.24657534
12:18:23,-30.82191781
12:18:24,-34.24657534
12:18:25,-34.24657534
12:18:26,-34.24657534
12:18:27,-34.24657534
12:18:28,-34.24657534
12:18:29,-34.24657534
12:18:30,-34.24657534
12:18:31,-34.24657534
12:18:33,-34.24657534
12:18:34,-34.24657534
12:18:35,-34.24657534
12:18:36,-34.24657534
12:18:37,-34.24657534
12:18:38,-34.24657534
12:18:39,-34.24657534
12:18:40,-34.24657534
12:18:41,-34.24657534
12:18:42,-34.24657534
12:18:43,-34.24657534
12:18:44,-30.82191781
12:18:45,-34.24657534
12:18:47,-34.24657534
12:18:48,-34.24657534
12:18:49,-30.82191781
12:18:50,-30.82191781
12:18:51,-34.24657534
12:18:52,-34.24657534
12:18:53,-34.24657534
12:18:54,-34.24657534
12:18:55,-34.24657534
12:18:56,-30.82191781
12:18:57,-34.24657534
12:18:58,-34.24657534
12:18:59,-34.24657534
12:19:1,-34.24657534
12:19:2,-34.24657534
12:19:3,-34.24657534
12:19:4,-34.24657534
12:19:5,-34.24657534
12:19:6,-34.24657534
12:19:7,-34.24657534
12:19:8,-34.24657534
12:19:9,-34.24657534
12:19:10,-34.24657534
12:19:11,-30.82191781
12:19:12,-34.24657534
12:19:14,-34.24657534
12:19:15,-34.24657534
12:19:16,-34.24657534
12:19:17,-34.24657534
12:19:18,-34.24657534
12:19:19,-34.24657534
12:19:20,-34.24657534
12:19:21,-34.24657534
12:19:22,-34.24657534
12:19:23,-34.24657534
12:19:24,-34.24657534
12:19:25,-34.24657534
12:19:26,-34.24657534
12:19:28,-34.24657534
12:19:29,-34.24657534
12:19:30,-30.82191781
12:19:31,-34.24657534
12:19:32,-30.82191781
12:19:33,-34.24657534
12:19:34,-34.24657534
12:19:35,-34.24657534
12:19:36,-34.24657534
12:19:37,-34.24657534
12:19:38,-34.24657534
12:19:39,-34.24657534
12:19:40,-30.82191781
12:19:42,-34.24657534
12:19:43,-34.24657534
12:19:44,-34.24657534
12:19:45,-34.24657534
12:19:46,-34.24657534
12:19:47,-34.24657534
12:19:48,-34.24657534
12:19:49,-30.82191781
12:19:50,-34.24657534
12:19:51,-34.24657534
12:19:52,-34.24657534
12:19:53,-34.24657534
12:19:54,-34.24657534
12:19:56,-34.24657534
12:19:57,-34.24657534
12:19:58,-34.24657534
12:19:59,-34.24657534
12:20:0,-34.24657534
12:20:1,-30.82191781
12:20:2,-34.24657534
12:20:3,-34.24657534
12:20:4,-34.24657534
12:20:5,-34.24657534
12:20:6,-34.24657534
12:20:7,-34.24657534
12:20:8,-34.24657534
12:20:10,-34.24657534
12:20:11,-34.24657534
12:20:12,-34.24657534
12:20:13,-34.24657534
12:20:14,-34.24657534
12:20:15,-34.24657534
12:20:16,-34.24657534
12:20:17,-34.24657534
12:20:18,-34.24657534
12:20:19,-34.24657534
12:20:20,-34.24657534
12:20:21,-30.82191781
12:20:22,-34.24657534
12:20:24,-34.24657534
12:20:25,-34.24657534
12:20:26,-34.24657534
12:20:27,-34.24657534
12:20:28,-34.24657534
12:20:29,-34.24657534
12:20:30,-30.82191781
12:20:31,-34.24657534
12:20:32,-34.24657534
12:20:33,-34.24657534
12:20:34,-30.82191781
12:20:35,-34.24657534
12:20:37,-34.24657534
12:20:38,-34.24657534
12:20:39,-34.24657534
12:20:40,-30.82191781
12:20:41,-34.24657534
12:20:42,-34.24657534
12:20:43,-34.24657534
12:20:44,-34.24657534
12:20:45,-34.24657534
12:20:46,-34.24657534
12:20:47,-34.24657534
12:20:48,-34.24657534
12:20:49,-34.24657534
12:20:51,-34.24657534
12:20:52,-34.24657534
12:20:53,-34.24657534
12:20:54,-34.24657534
12:20:55,-34.24657534
12:20:56,-34.24657534
12:20:57,-30.82191781
12:20:58,-30.82191781
12:20:59,-30.82191781
12:21:0,-34.24657534
12:21:1,-34.24657534
12:21:2,-34.24657534
12:21:3,-34.24657534
12:21:5,-34.24657534
12:21:6,-34.24657534
12:21:7,-34.24657534
12:21:8,-34.24657534
12:21:9,-34.24657534
12:21:10,-30.82191781
12:21:11,-34.24657534
12:21:12,-34.24657534
12:21:13,-34.24657534
12:21:14,-34.24657534
12:21:15,-34.24657534
12:21:16,-30.82191781
12:21:17,-34.24657534
12:21:19,-30.82191781
12:21:20,-34.24657534
12:21:21,-34.24657534
12:21:22,-34.24657534
12:21:23,-34.24657534
12:21:24,-34.24657534
12:21:25,-34.24657534
12:21:26,-34.24657534
12:21:27,-34.24657534
12:21:28,-34.24657534
12:21:29,-34.24657534
12:21:30,-34.24657534
12:21:31,-34.24657534
12:21:33,-34.24657534
12:21:34,-34.24657534
12:21:35,-34.24657534
12:21:36,-34.24657534
12:21:37,-34.24657534
12:21:38,-34.24657534
12:21:39,-34.24657534
12:21:40,-34.24657534
12:21:41,-34.24657534
12:21:42,-34.24657534
12:21:43,-30.82191781
12:21:44,-34.24657534
12:21:46,-34.24657534
12:21:47,-34.24657534
12:21:48,-34.24657534
12:21:49,-34.24657534
12:21:50,-34.24657534
12:21:51,-34.24657534
12:21:52,-34.24657534
12:21:53,-34.24657534
12:21:54,-30.82191781
12:21:55,-34.24657534
12:21:56,-34.24657534
12:21:57,-34.24657534
12:21:58,-34.24657534
12:22:0,-30.82191781
12:22:1,-34.24657534
12:22:2,-34.24657534
12:22:3,-34.24657534
12:22:4,-34.24657534
12:22:5,-30.82191781
12:22:6,-34.24657534
12:22:7,-30.82191781
12:22:8,-30.82191781
12:22:9,-34.24657534
12:22:10,-34.24657534
12:22:11,-34.24657534
12:22:12,-34.24657534
12:22:14,-34.24657534
12:22:15,-34.24657534
12:22:16,-34.24657534
12:22:17,-30.82191781
12:22:18,-34.24657534
12:22:19,-34.24657534
12:22:20,-34.24657534
12:22:21,-34.24657534
12:22:22,-34.24657534
12:22:23,-34.24657534
12:22:24,-34.24657534
12:22:25,-34.24657534
12:22:26,-34.24657534
12:22:28,-34.24657534
12:22:29,-30.82191781
12:22:30,-30.82191781
12:22:31,-34.24657534
12:22:32,-34.24657534
12:22:33,-34.24657534
12:22:34,-34.24657534
12:22:35,-30.82191781
12:22:36,-34.24657534
12:22:37,-34.24657534
12:22:38,-30.82191781
12:22:39,-34.24657534
12:22:41,-34.24657534
12:22:42,-30.82191781
12:22:43,-34.24657534
12:22:44,-30.82191781
12:22:45,-34.24657534
12:22:46,-30.82191781
12:22:47,-34.24657534
12:22:48,-30.82191781
12:22:49,-34.24657534
12:22:50,-34.24657534
12:22:51,-34.24657534
12:22:52,-34.24657534
12:22:53,-34.24657534
12:22:55,-30.82191781
12:22:56,-34.24657534
12:22:57,-34.24657534
12:22:58,-34.24657534
12:22:59,-34.24657534
12:23:0,-34.24657534
12:23:1,-30.82191781
12:23:2,-30.82191781
12:23:3,-34.24657534
12:23:4,-34.24657534
12:23:5,-34.24657534
12:23:6,-34.24657534
12:23:7,-34.24657534
12:23:9,-30.82191781
12:23:10,-34.24657534
12:23:11,-34.24657534
12:23:12,-34.24657534
12:23:13,-34.24657534
12:23:14,-34.24657534
12:23:15,-34.24657534
12:23:16,-34.24657534
12:23:17,-34.24657534
12:23:18,-34.24657534
12:23:19,-34.24657534
12:23:20,-34.24657534
12:23:21,-34.24657534
12:23:23,-34.24657534
12:23:24,-34.24657534
12:23:25,-30.82191781
12:23:26,-30.82191781
12:23:27,-34.24657534
12:23:28,-34.24657534
12:23:29,-30.82191781
12:23:30,-34.24657534
12:23:31,-34.24657534
12:23:32,-34.24657534
12:23:33,-34.24657534
12:23:34,-34.24657534
12:23:35,-34.24657534
12:23:37,-34.24657534
12:23:38,-34.24657534
12:23:39,-34.24657534
12:23:40,-34.24657534
12:23:41,-34.24657534
12:23:42,-34.24657534
12:23:43,-34.24657534
12:23:44,-34.24657534
12:23:45,-34.24657534
12:23:46,-34.24657534
12:23:47,-34.24657534
12:23:48,-34.24657534
12:23:49,-34.24657534
12:23:51,-34.24657534
12:23:52,-30.82191781
12:23:53,-34.24657534
12:23:54,-34.24657534
12:23:55,-34.24657534
12:23:56,-34.24657534
12:23:57,-34.24657534
12:23:58,-34.24657534
12:23:59,-34.24657534
12:24:0,-34.24657534
12:24:1,-34.24657534
12:24:2,-34.24657534
12:24:3,-34.24657534
12:24:5,-34.24657534
12:24:6,-34.24657534
12:24:7,-34.24657534
12:24:8,-34.24657534
12:24:9,-34.24657534
12:24:10,-34.24657534
12:24:11,-30.82191781
12:24:12,-34.24657534
12:24:13,-34.24657534
12:24:14,-30.82191781
12:24:15,-30.82191781
12:24:16,-30.82191781
12:24:17,-30.82191781
12:24:19,-30.82191781
12:24:20,-34.24657534
12:24:21,-34.24657534
12:24:22,-34.24657534
12:24:23,-34.24657534
12:24:24,-34.24657534
12:24:25,-34.24657534
12:24:26,-34.24657534
12:24:27,-34.24657534
12:24:28,-34.24657534
12:24:29,-34.24657534
12:24:30,-34.24657534
12:24:31,-34.24657534
12:24:33,-34.24657534
12:24:34,-34.24657534
12:24:35,-34.24657534
12:24:36,-34.24657534
12:24:37,-30.82191781
12:24:38,-30.82191781
12:24:39,-34.24657534
12:24:40,-34.24657534
12:24:41,-34.24657534
12:24:42,-34.24657534
12:24:43,-34.24657534
12:24:44,-34.24657534
12:24:46,-34.24657534
12:24:47,-34.24657534
12:24:48,-34.24657534
12:24:49,-34.24657534
12:24:50,-30.82191781
12:24:51,-34.24657534
12:24:52,-34.24657534
12:24:53,-34.24657534
12:24:54,-34.24657534
12:24:55,-34.24657534
12:24:56,-34.24657534
12:24:57,-34.24657534
12:24:58,-34.24657534
12:25:0,-30.82191781
12:25:1,-34.24657534
12:25:2,-34.24657534
12:25:3,-34.24657534
12:25:4,-30.82191781
12:25:5,-30.82191781
12:25:6,-34.24657534
12:25:7,-34.24657534
12:25:8,-34.24657534
12:25:9,-30.82191781
12:25:10,-34.24657534
12:25:11,-30.82191781
12:25:12,-30.82191781
12:25:14,-34.24657534
12:25:15,-34.24657534
12:25:16,-34.24657534
12:25:17,-34.24657534
12:25:18,-34.24657534
12:25:19,-34.24657534
12:25:20,-34.24657534
12:25:21,-30.82191781
12:25:22,-34.24657534
12:25:23,-34.24657534
12:25:24,-34.24657534
12:25:25,-30.82191781
12:25:27,-34.24657534
12:25:28,-34.24657534
12:25:29,-30.82191781
12:25:30,-34.24657534
12:25:31,-34.24657534
12:25:32,-34.24657534
12:25:33,-34.24657534
12:25:34,-34.24657534
12:25:35,-30.82191781
12:25:36,-34.24657534
12:25:37,-30.82191781
12:25:38,-34.24657534
12:25:39,-30.82191781
12:25:41,-34.24657534
12:25:42,-34.24657534
12:25:43,-34.24657534
12:25:44,-34.24657534
12:25:45,-34.24657534
12:25:46,-34.24657534
12:25:47,-34.24657534
12:25:48,-34.24657534
12:25:49,-34.24657534
12:25:50,-34.24657534
12:25:51,-34.24657534
12:25:52,-34.24657534
12:25:53,-34.24657534
12:25:55,-34.24657534
12:25:56,-34.24657534
12:25:57,-34.24657534
12:25:58,-34.24657534
12:25:59,-34.24657534
12:26:0,-34.24657534
12:26:1,-34.24657534
12:26:2,-30.82191781
12:26:3,-34.24657534
12:26:4,-34.24657534
12:26:5,-34.24657534
12:26:6,-34.24657534
12:26:8,-34.24657534
12:26:9,-34.24657534
12:26:10,-34.24657534
12:26:11,-34.24657534
12:26:12,-34.24657534
12:26:13,-34.24657534
12:26:14,-34.24657534
12:26:15,-34.24657534
12:26:16,-34.24657534
12:26:17,-34.24657534
12:26:18,-30.82191781
12:26:19,-30.82191781
12:26:20,-30.82191781
12:26:22,-34.24657534
12:26:23,-34.24657534
12:26:24,-30.82191781
12:26:25,-34.24657534
12:26:26,-34.24657534
12:26:27,-34.24657534
12:26:28,-30.82191781
12:26:29,-34.24657534
12:26:30,-34.24657534
12:26:31,-30.82191781
12:26:32,-34.24657534
12:26:33,-34.24657534
12:26:34,-30.82191781
12:26:36,-34.24657534
12:26:37,-34.24657534
12:26:38,-34.24657534
12:26:39,-34.24657534
12:26:40,-34.24657534
12:26:41,-34.24657534
12:26:42,-34.24657534
12:26:43,-34.24657534
12:26:44,-34.24657534
12:26:45,-34.24657534
12:26:46,-30.82191781
12:26:47,-34.24657534
12:26:48,-34.24657534
12:26:50,-34.24657534
12:26:51,-34.24657534
12:26:52,-34.24657534
12:26:53,-34.24657534
12:26:54,-34.24657534
12:26:55,-34.24657534
12:26:56,-34.24657534
12:26:57,-34.24657534
12:26:58,-34.24657534
12:26:59,-30.82191781
12:27:0,-30.82191781
12:27:1,-30.82191781
12:27:2,-34.24657534
12:27:4,-34.24657534
12:27:5,-34.24657534
12:27:6,-30.82191781
12:27:7,-34.24657534
12:27:8,-34.24657534
12:27:9,-34.24657534
12:27:10,-34.24657534
12:27:11,-30.82191781
12:27:12,-34.24657534
12:27:13,-34.24657534
12:27:14,-30.82191781
12:27:15,-34.24657534
12:27:16,-30.82191781
12:27:18,-34.24657534
12:27:19,-30.82191781
12:27:20,-34.24657534
12:27:21,-34.24657534
12:27:22,-34.24657534
12:27:23,-30.82191781
12:27:24,-34.24657534
12:27:25,-34.24657534
12:27:26,-34.24657534
12:27:27,-30.82191781
12:27:28,-34.24657534
12:27:29,-30.82191781
12:27:30,-34.24657534
12:27:32,-34.24657534
12:27:33,-30.82191781
12:27:34,-34.24657534
12:27:35,-34.24657534
12:27:36,-34.24657534
12:27:37,-30.82191781
12:27:38,-30.82191781
12:27:39,-34.24657534
12:27:40,-34.24657534
12:27:41,-30.82191781
12:27:42,-34.24657534
12:27:43,-30.82191781
12:27:45,-34.24657534
12:27:46,-34.24657534
12:27:47,-34.24657534
12:27:48,-34.24657534
12:27:49,-34.24657534
12:27:50,-30.82191781
12:27:51,-30.82191781
12:27:52,-34.24657534
12:27:53,-30.82191781
12:27:54,-34.24657534
12:27:55,-34.24657534
12:27:56,-34.24657534
12:27:57,-34.24657534
12:27:59,-34.24657534
12:28:0,-34.24657534
12:28:1,-34.24657534
12:28:2,-30.82191781
12:28:3,-34.24657534
12:28:4,-34.24657534
12:28:5,-34.24657534
12:28:6,-34.24657534
12:28:7,-34.24657534
12:28:8,-34.24657534
12:28:9,-30.82191781
12:28:10,-34.24657534
12:28:11,-34.24657534
12:28:13,-30.82191781
12:28:14,-34.24657534
12:28:15,-34.24657534
12:28:16,-34.24657534
12:28:17,-34.24657534
12:28:18,-34.24657534
12:28:19,-34.24657534
12:28:20,-34.24657534
12:28:21,-34.24657534
12:28:22,-34.24657534
12:28:23,-34.24657534
12:28:24,-34.24657534
12:28:25,-34.24657534
12:28:27,-34.24657534
12:28:28,-34.24657534
12:28:29,-34.24657534
12:28:30,-30.82191781
12:28:31,-34.24657534
12:28:32,-34.24657534
12:28:33,-34.24657534
12:28:34,-34.24657534
12:28:35,-30.82191781
12:28:36,-34.24657534
12:28:37,-34.24657534
12:28:38,-34.24657534
12:28:39,-34.24657534
12:28:41,-34.24657534
12:28:42,-34.24657534
12:28:43,-34.24657534
12:28:44,-30.82191781
12:28:45,-30.82191781
12:28:46,-30.82191781
12:28:47,-34.24657534
12:28:48,-30.82191781
12:28:49,-34.24657534
12:28:50,-34.24657534
12:28:51,-34.24657534
12:28:52,-34.24657534
12:28:53,-34.24657534
12:28:55,-34.24657534
12:28:56,-34.24657534
12:28:57,-34.24657534
12:28:58,-34.24657534
12:28:59,-34.24657534
12:29:0,-34.24657534
12:29:1,-34.24657534
12:29:2,-34.24657534
12:29:3,-34.24657534
12:29:4,-30.82191781
12:29:5,-34.24657534
12:29:6,-34.24657534
12:29:8,-34.24657534
12:29:9,-34.24657534
12:29:10,-34.24657534
12:29:11,-34.24657534
12:29:12,-34.24657534
12:29:13,-34.24657534
12:29:14,-34.24657534
12:29:15,-34.24657534
12:29:16,-34.24657534
12:29:17,-34.24657534
12:29:18,-30.82191781
12:29:19,-34.24657534
12:29:20,-34.24657534
12:29:22,-34.24657534
12:29:23,-34.24657534
12:29:24,-34.24657534
12:29:25,-34.24657534
12:29:26,-34.24657534
12:29:27,-34.24657534
12:29:28,-30.82191781
12:29:29,-30.82191781
12:29:30,-34.24657534
12:29:31,-34.24657534
12:29:32,-34.24657534
12:29:33,-34.24657534
12:29:34,-34.24657534
12:29:36,-34.24657534
12:29:37,-34.24657534
12:29:38,-34.24657534
12:29:39,-34.24657534
12:29:40,-34.24657534
12:29:41,-34.24657534
12:29:42,-34.24657534
12:29:43,-34.24657534
12:29:44,-34.24657534
12:29:45,-34.24657534
12:29:46,-34.24657534
12:29:47,-34.24657534
12:29:48,-34.24657534
12:29:50,-34.24657534
12:29:51,-34.24657534
12:29:52,-30.82191781
12:29:53,-30.82191781
12:29:54,-34.24657534
12:29:55,-34.24657534
12:29:56,-34.24657534
12:29:57,-34.24657534
12:29:58,-30.82191781
12:29:59,-34.24657534
12:30:0,-34.24657534
12:30:1,-34.24657534
12:30:2,-34.24657534
12:30:4,-34.24657534
12:30:5,-34.24657534
12:30:6,-34.24657534
12:30:7,-34.24657534
12:30:8,-34.24657534
12:30:9,-34.24657534
12:30:10,-34.24657534
12:30:11,-34.24657534
12:30:12,-34.24657534
12:30:13,-34.24657534
12:30:14,-34.24657534
12:30:15,-34.24657534
12:30:17,-34.24657534
12:30:18,-34.24657534
12:30:19,-34.24657534
12:30:20,-34.24657534
12:30:21,-34.24657534
12:30:22,-30.82191781
12:30:23,-30.82191781
12:30:24,-30.82191781
12:30:25,-34.24657534
12:30:26,-30.82191781
12:30:27,-30.82191781
12:30:28,-30.82191781
12:30:29,-34.24657534
12:30:31,-34.24657534
12:30:32,-34.24657534
12:30:33,-34.24657534
12:30:34,-34.24657534
12:30:35,-34.24657534
12:30:36,-34.24657534
12:30:37,-30.82191781
12:30:38,-34.24657534
12:30:39,-34.24657534
12:30:40,-34.24657534
12:30:41,-34.24657534
12:30:42,-34.24657534
12:30:43,-30.82191781
12:30:45,-34.24657534
12:30:46,-34.24657534
12:30:47,-34.24657534
12:30:48,-34.24657534
12:30:49,-30.82191781
12:30:50,-34.24657534
12:30:51,-34.24657534
12:30:52,-30.82191781
12:30:53,-30.82191781
12:30:54,-34.24657534
12:30:55,-34.24657534
12:30:56,-34.24657534
12:30:57,-34.24657534
12:30:59,-34.24657534
12:31:0,-34.24657534
12:31:1,-34.24657534
12:31:2,-34.24657534
12:31:3,-34.24657534
12:31:4,-34.24657534
12:31:5,-34.24657534
12:31:6,-34.24657534
12:31:7,-34.24657534
12:31:8,-34.24657534
12:31:9,-34.24657534
12:31:10,-34.24657534
12:31:11,-30.82191781
12:31:13,-34.24657534
12:31:14,-30.82191781
12:31:15,-34.24657534
12:31:16,-30.82191781
12:31:17,-34.24657534
12:31:18,-34.24657534
12:31:19,-30.82191781
12:31:20,-34.24657534
12:31:21,-30.82191781
12:31:22,-34.24657534
12:31:23,-34.24657534
12:31:24,-34.24657534
12:31:25,-34.24657534
12:31:27,-30.82191781
12:31:28,-34.24657534
12:31:29,-34.24657534
12:31:30,-34.24657534
12:31:31,-34.24657534
12:31:32,-34.24657534
12:31:33,-34.24657534
12:31:34,-34.24657534
12:31:35,-34.24657534
12:31:36,-34.24657534
12:31:37,-30.82191781
12:31:38,-30.82191781
12:31:39,-34.24657534
12:31:41,-34.24657534
12:31:42,-34.24657534
12:31:43,-30.82191781
12:31:44,-34.24657534
12:31:45,-34.24657534
12:31:46,-34.24657534
12:31:47,-34.24657534
12:31:48,-34.24657534
12:31:49,-34.24657534
12:31:50,-30.82191781
12:31:51,-34.24657534
12:31:52,-34.24657534
12:31:53,-34.24657534
12:31:55,-30.82191781
12:31:56,-34.24657534
12:31:57,-34.24657534
12:31:58,-30.82191781
12:31:59,-34.24657534
12:32:0,-30.82191781
12:32:1,-30.82191781
12:32:2,-34.24657534
12:32:3,-34.24657534
12:32:4,-30.82191781
12:32:5,-34.24657534
12:32:6,-34.24657534
12:32:8,-34.24657534
12:32:9,-34.24657534
12:32:10,-34.24657534
12:32:11,-34.24657534
12:32:12,-34.24657534
12:32:13,-34.24657534
12:32:14,-34.24657534
12:32:15,-34.24657534
12:32:16,-34.24657534
12:32:17,-30.82191781
12:32:18,-30.82191781
12:32:19,-34.24657534
12:32:20,-30.82191781
12:32:22,-30.82191781
12:32:23,-30.82191781
12:32:24,-34.24657534
12:32:25,-34.24657534
12:32:26,-34.24657534
12:32:27,-34.24657534
12:32:28,-34.24657534
12:32:29,-34.24657534
12:32:30,-34.24657534
12:32:31,-34.24657534
12:32:32,-34.24657534
12:32:33,-34.24657534
12:32:34,-34.24657534
12:32:36,-34.24657534
12:32:37,-34.24657534
12:32:38,-30.82191781
12:32:39,-30.82191781
12:32:40,-34.24657534
12:32:41,-34.24657534
12:32:42,-34.24657534
12:32:43,-34.24657534
12:32:44,-34.24657534
12:32:45,-34.24657534
12:32:46,-34.24657534
12:32:47,-34.24657534
12:32:48,-34.24657534
12:32:50,-34.24657534
12:32:51,-34.24657534
12:32:52,-34.24657534
12:32:53,-34.24657534
12:32:54,-30.82191781
12:32:55,-34.24657534
12:32:56,-34.24657534
12:32:57,-30.82191781
12:32:58,-30.82191781
12:32:59,-30.82191781
12:33:0,-34.24657534
12:33:1,-34.24657534
12:33:2,-34.24657534
12:33:4,-34.24657534
12:33:5,-34.24657534
12:33:6,-34.24657534
12:33:7,-30.82191781
12:33:8,-34.24657534
12:33:9,-34.24657534
12:33:10,-34.24657534
12:33:11,-34.24657534
12:33:12,-34.24657534
12:33:13,-30.82191781
12:33:14,-34.24657534
12:33:15,-34.24657534
12:33:16,-34.24657534
12:33:18,-34.24657534
12:33:19,-34.24657534
12:33:20,-34.24657534
12:33:21,-34.24657534
12:33:22,-34.24657534
12:33:23,-34.24657534
12:33:24,-34.24657534
12:33:25,-34.24657534
12:33:26,-34.24657534
12:33:27,-34.24657534
12:33:28,-34.24657534
12:33:29,-34.24657534
12:33:30,-34.24657534
12:33:32,-34.24657534
12:33:33,-34.24657534
12:33:34,-34.24657534
12:33:35,-34.24657534
12:33:36,-34.24657534
12:33:37,-30.82191781
12:33:38,-34.24657534
12:33:39,-34.24657534
12:33:40,-34.24657534
12:33:41,-34.24657534
12:33:42,-34.24657534
12:33:43,-34.24657534
12:33:44,-34.24657534
12:33:46,-34.24657534
12:33:47,-30.82191781
12:33:48,-34.24657534
12:33:49,-30.82191781
12:33:50,-34.24657534
12:33:51,-30.82191781
12:33:52,-34.24657534
12:33:53,-34.24657534
12:33:54,-30.82191781
12:33:55,-34.24657534
12:33:56,-34.24657534
12:33:57,-34.24657534
12:33:59,-34.24657534
12:34:0,-30.82191781
12:34:1,-34.24657534
12:34:2,-34.24657534
12:34:3,-30.82191781
12:34:4,-34.24657534
12:34:5,-34.24657534
12:34:6,-34.24657534
12:34:7,-34.24657534
12:34:8,-34.24657534
12:34:9,-34.24657534
12:34:10,-34.24657534
12:34:11,-34.24657534
12:34:13,-34.24657534
12:34:14,-34.24657534
12:34:15,-30.82191781
12:34:16,-34.24657534
12:34:17,-30.82191781
12:34:18,-34.24657534
12:34:19,-34.24657534
12:34:20,-30.82191781
12:34:21,-34.24657534
12:34:22,-30.82191781
12:34:23,-30.82191781
12:34:24,-34.24657534
12:34:25,-34.24657534
12:34:27,-34.24657534
12:34:28,-34.24657534
12:34:29,-34.24657534
12:34:30,-34.24657534
12:34:31,-34.24657534
12:34:32,-34.24657534
12:34:33,-34.24657534
12:34:34,-34.24657534
12:34:35,-34.24657534
12:34:36,-30.82191781
12:34:37,-34.24657534
12:34:38,-34.24657534
12:34:39,-30.82191781
12:34:41,-30.82191781
12:34:42,-34.24657534
12:34:43,-34.24657534
12:34:44,-30.82191781
12:34:45,-30.82191781
12:34:46,-34.24657534
12:34:47,-30.82191781
12:34:48,-34.24657534
12:34:49,-34.24657534
12:34:50,-34.24657534
12:34:51,-34.24657534
12:34:52,-34.24657534
12:34:54,-34.24657534
12:34:55,-34.24657534
12:34:56,-34.24657534
12:34:57,-34.24657534
12:34:58,-34.24657534
12:34:59,-34.24657534
12:35:0,-30.82191781
12:35:1,-34.24657534
12:35:2,-34.24657534
12:35:3,-34.24657534
12:35:4,-34.24657534
12:35:5,-34.24657534
12:35:6,-34.24657534
12:35:8,-30.82191781
12:35:9,-34.24657534
12:35:10,-30.82191781
12:35:11,-34.24657534
12:35:12,-34.24657534
12:35:13,-34.24657534
12:35:14,-34.24657534
12:35:15,-34.24657534
12:35:16,-34.24657534
12:35:17,-30.82191781
12:35:18,-34.24657534
12:35:19,-34.24657534
12:35:20,-34.24657534
12:35:22,-34.24657534
12:35:23,-34.24657534
12:35:24,-34.24657534
12:35:25,-34.24657534
12:35:26,-34.24657534
12:35:27,-30.82191781
12:35:28,-34.24657534
12:35:29,-34.24657534
12:35:30,-34.24657534
12:35:31,-30.82191781
12:35:32,-34.24657534
12:35:33,-30.82191781
12:35:34,-30.82191781
12:35:36,-34.24657534
12:35:37,-34.24657534
12:35:38,-34.24657534
12:35:39,-34.24657534
12:35:40,-34.24657534
12:35:41,-34.24657534
12:35:42,-34.24657534
12:35:43,-34.24657534
12:35:44,-34.24657534
12:35:45,-30.82191781
12:35:46,-34.24657534
12:35:47,-34.24657534
12:35:48,-34.24657534
12:35:50,-30.82191781
12:35:51,-30.82191781
12:35:52,-34.24657534
12:35:53,-34.24657534
12:35:54,-34.24657534
12:35:55,-30.82191781
12:35:56,-30.82191781
12:35:57,-34.24657534
12:35:58,-30.82191781
12:35:59,-34.24657534
12:36:0,-34.24657534
12:36:1,-34.24657534
12:36:3,-34.24657534
12:36:4,-34.24657534
12:36:5,-30.82191781
12:36:6,-34.24657534
12:36:7,-34.24657534
12:36:8,-34.24657534
12:36:9,-30.82191781
12:36:10,-34.24657534
12:36:11,-34.24657534
12:36:12,-30.82191781
12:36:13,-34.24657534
12:36:14,-34.24657534
12:36:15,-34.24657534
12:36:17,-34.24657534
12:36:18,-34.24657534
12:36:19,-34.24657534
12:36:20,-34.24657534
12:36:21,-34.24657534
12:36:22,-34.24657534
12:36:23,-34.24657534
12:36:24,-34.24657534
12:36:25,-34.24657534
12:36:26,-34.24657534
12:36:27,-34.24657534
12:36:28,-34.24657534
12:36:29,-34.24657534
12:36:31,-34.24657534
12:36:32,-34.24657534
12:36:33,-30.82191781
12:36:34,-34.24657534
12:36:35,-34.24657534
12:36:36,-34.24657534
12:36:37,-34.24657534
12:36:38,-34.24657534
12:36:39,-30.82191781
12:36:40,-34.24657534
12:36:41,-34.24657534
12:36:42,-34.24657534
12:36:44,-34.24657534
12:36:45,-34.24657534
12:36:46,-34.24657534
12:36:47,-34.24657534
12:36:48,-34.24657534
12:36:49,-34.24657534
12:36:50,-34.24657534
12:36:51,-30.82191781
12:36:52,-34.24657534
12:36:53,-34.24657534
12:36:54,-34.24657534
12:36:55,-34.24657534
12:36:56,-34.24657534
12:36:58,-34.24657534
12:36:59,-34.24657534
12:37:0,-34.24657534
12:37:1,-34.24657534
12:37:2,-30.82191781
12:37:3,-34.24657534
12:37:4,-34.24657534
12:37:5,-34.24657534
12:37:6,-34.24657534
12:37:7,-34.24657534
12:37:8,-34.24657534
12:37:9,-34.24657534
12:37:10,-34.24657534
12:37:12,-34.24657534
12:37:13,-34.24657534
12:37:14,-34.24657534
12:37:15,-34.24657534
12:37:16,-34.24657534
12:37:17,-34.24657534
12:37:18,-34.24657534
12:37:19,-34.24657534
12:37:20,-34.24657534
12:37:21,-34.24657534
12:37:22,-34.24657534
12:37:23,-34.24657534
12:37:24,-30.82191781
12:37:26,-34.24657534
12:37:27,-34.24657534
12:37:28,-34.24657534
12:37:29,-34.24657534
12:37:30,-30.82191781
12:37:31,-34.24657534
12:37:32,-34.24657534
12:37:33,-34.24657534
12:37:34,-34.24657534
12:37:35,-34.24657534
12:37:36,-34.24657534
12:37:37,-34.24657534
12:37:38,-34.24657534
12:37:40,-34.24657534
12:37:41,-34.24657534
12:37:42,-34.24657534
12:37:43,-30.82191781
12:37:44,-34.24657534
12:37:45,-34.24657534
12:37:46,-30.82191781
12:37:47,-34.24657534
12:37:48,-30.82191781
12:37:49,-34.24657534
12:37:50,-34.24657534
12:37:51,-34.24657534
12:37:52,-34.24657534
12:37:54,-34.24657534
12:37:55,-34.24657534
12:37:56,-34.24657534
12:37:57,-34.24657534
12:37:58,-30.82191781
12:37:59,-34.24657534
12:38:0,-34.24657534
12:38:1,-34.24657534
12:38:2,-34.24657534
12:38:3,-34.24657534
12:38:4,-34.24657534
12:38:5,-34.24657534
12:38:6,-34.24657534
12:38:8,-34.24657534
12:38:9,-34.24657534
12:38:10,-34.24657534
12:38:11,-34.24657534
12:38:12,-34.24657534
12:38:13,-34.24657534
12:38:14,-34.24657534
12:38:15,-30.82191781
12:38:16,-34.24657534
12:38:17,-34.24657534
12:38:18,-34.24657534
12:38:19,-34.24657534
12:38:21,-34.24657534
12:38:22,-34.24657534
12:38:23,-34.24657534
12:38:24,-34.24657534
12:38:25,-34.24657534
12:38:26,-34.24657534
12:38:27,-34.24657534
12:38:28,-34.24657534
12:38:29,-34.24657534
12:38:30,-34.24657534
12:38:31,-34.24657534
12:38:32,-34.24657534
12:38:33,-34.24657534
12:38:35,-30.82191781
12:38:36,-34.24657534
12:38:37,-34.24657534
12:38:38,-34.24657534
12:38:39,-34.24657534
12:38:40,-34.24657534
12:38:41,-30.82191781
12:38:42,-34.24657534
12:38:43,-34.24657534
12:38:44,-30.82191781
12:38:45,-34.24657534
12:38:46,-34.24657534
12:38:47,-34.24657534
12:38:49,-34.24657534
12:38:50,-34.24657534
12:38:51,-34.24657534
12:38:52,-34.24657534
12:38:53,-34.24657534
12:38:54,-34.24657534
12:38:55,-34.24657534
12:38:56,-34.24657534
12:38:57,-34.24657534
12:38:58,-34.24657534
12:38:59,-34.24657534
12:39:0,-34.24657534
12:39:1,-34.24657534
12:39:3,-34.24657534
12:39:4,-30.82191781
12:39:5,-30.82191781
12:39:6,-34.24657534
12:39:7,-34.24657534
12:39:8,-34.24657534
12:39:9,-34.24657534
12:39:10,-34.24657534
12:39:11,-34.24657534
12:39:12,-34.24657534
12:39:13,-34.24657534
12:39:14,-34.24657534
12:39:15,-34.24657534
12:39:17,-34.24657534
12:39:18,-34.24657534
12:39:19,-34.24657534
12:39:20,-34.24657534
12:39:21,-34.24657534
12:39:22,-34.24657534
12:39:23,-34.24657534
12:39:24,-34.24657534
12:39:25,-34.24657534
12:39:26,-34.24657534
12:39:27,-34.24657534
12:39:28,-30.82191781
12:39:29,-34.24657534
12:39:31,-34.24657534
12:39:32,-34.24657534
12:39:33,-34.24657534
12:39:34,-34.24657534
12:39:35,-34.24657534
12:39:36,-34.24657534
12:39:37,-34.24657534
12:39:38,-34.24657534
12:39:39,-30.82191781
12:39:40,-34.24657534
12:39:41,-34.24657534
12:39:42,-34.24657534
12:39:43,-34.24657534
12:39:45,-34.24657534
12:39:46,-34.24657534
12:39:47,-34.24657534
12:39:48,-34.24657534
12:39:49,-34.24657534
12:39:50,-34.24657534
12:39:51,-34.24657534
12:39:52,-34.24657534
12:39:53,-34.24657534
12:39:54,-34.24657534
12:39:55,-34.24657534
12:39:56,-34.24657534
12:39:58,-30.82191781
12:39:59,-30.82191781
12:40:0,-34.24657534
12:40:1,-34.24657534
12:40:2,-34.24657534
12:40:3,-34.24657534
12:40:4,-34.24657534
12:40:5,-30.82191781
12:40:6,-34.24657534
12:40:7,-30.82191781
12:40:8,-34.24657534
12:40:9,-30.82191781
12:40:10,-34.24657534
12:40:12,-34.24657534
12:40:13,-34.24657534
12:40:14,-34.24657534
12:40:15,-30.82191781
12:40:16,-34.24657534
12:40:17,-34.24657534
12:40:18,-34.24657534
12:40:19,-30.82191781
12:40:20,-34.24657534
12:40:21,-30.82191781
12:40:22,-34.24657534
12:40:23,-34.24657534
12:40:24,-34.24657534
12:40:26,-34.24657534
12:40:27,-34.24657534
12:40:28,-34.24657534
12:40:29,-34.24657534
12:40:30,-34.24657534
12:40:31,-34.24657534
12:40:32,-34.24657534
12:40:33,-34.24657534
12:40:34,-34.24657534
12:40:35,-34.24657534
12:40:36,-34.24657534
12:40:37,-34.24657534
12:40:38,-34.24657534
12:40:40,-34.24657534
12:40:41,-34.24657534
12:40:42,-34.24657534
12:40:43,-34.24657534
12:40:44,-34.24657534
12:40:45,-34.24657534
12:40:46,-30.82191781
12:40:47,-34.24657534
12:40:48,-34.24657534
12:40:49,-34.24657534
12:40:50,-34.24657534
12:40:51,-34.24657534
12:40:52,-30.82191781
12:40:54,-34.24657534
12:40:55,-34.24657534
12:40:56,-34.24657534
12:40:57,-34.24657534
12:40:58,-34.24657534
12:40:59,-34.24657534
12:41:0,-34.24657534
12:41:1,-34.24657534
12:41:2,-30.82191781
12:41:3,-34.24657534
12:41:4,-34.24657534
12:41:5,-34.24657534
12:41:6,-34.24657534
12:41:8,-34.24657534
12:41:9,-34.24657534
12:41:10,-30.82191781
12:41:11,-30.82191781
12:41:12,-34.24657534
12:41:13,-34.24657534
12:41:14,-34.24657534
12:41:15,-34.24657534
12:41:16,-34.24657534
12:41:17,-34.24657534
12:41:18,-34.24657534
12:41:19,-34.24657534
12:41:21,-34.24657534
12:41:22,-34.24657534
12:41:23,-30.82191781
12:41:24,-34.24657534
12:41:25,-34.24657534
12:41:26,-34.24657534
12:41:27,-34.24657534
12:41:28,-34.24657534
12:41:29,-34.24657534
12:41:30,-34.24657534
12:41:31,-34.24657534
12:41:32,-34.24657534
12:41:33,-34.24657534
12:41:35,-34.24657534
12:41:36,-34.24657534
12:41:37,-34.24657534
12:41:38,-34.24657534
12:41:39,-30.82191781
12:41:40,-34.24657534
12:41:41,-34.24657534
12:41:42,-34.24657534
12:41:43,-34.24657534
12:41:44,-34.24657534
12:41:45,-34.24657534
12:41:46,-34.24657534
12:41:47,-34.24657534
12:41:49,-34.24657534
12:41:50,-34.24657534
12:41:51,-34.24657534
12:41:52,-34.24657534
12:41:53,-34.24657534
12:41:54,-34.24657534
12:41:55,-30.82191781
12:41:56,-34.24657534
12:41:57,-34.24657534
12:41:58,-34.24657534
12:41:59,-34.24657534
12:42:0,-34.24657534
12:42:1,-34.24657534
12:42:3,-34.24657534
12:42:4,-34.24657534
12:42:5,-34.24657534
12:42:6,-34.24657534
12:42:7,-34.24657534
12:42:8,-34.24657534
12:42:9,-34.24657534
12:42:10,-34.24657534
12:42:11,-34.24657534
12:42:12,-34.24657534
12:42:13,-34.24657534
12:42:14,-34.24657534
12:42:15,-34.24657534
12:42:17,-34.24657534
12:42:18,-34.24657534
12:42:19,-34.24657534
12:42:20,-34.24657534
12:42:21,-34.24657534
12:42:22,-34.24657534
12:42:23,-34.24657534
12:42:24,-34.24657534
12:42:25,-30.82191781
12:42:26,-34.24657534
12:42:27,-30.82191781
12:42:28,-30.82191781
12:42:29,-34.24657534
12:42:31,-34.24657534
12:42:32,-30.82191781
12:42:33,-34.24657534
12:42:34,-34.24657534
12:42:35,-34.24657534
12:42:36,-34.24657534
12:42:37,-34.24657534
12:42:38,-34.24657534
12:42:39,-30.82191781
12:42:40,-34.24657534
12:42:41,-34.24657534
12:42:42,-30.82191781
12:42:44,-34.24657534
12:42:45,-34.24657534
12:42:46,-30.82191781
12:42:47,-30.82191781
12:42:48,-34.24657534
12:42:49,-34.24657534
12:42:50,-34.24657534
12:42:51,-34.24657534
12:42:52,-34.24657534
12:42:53,-34.24657534
12:42:54,-34.24657534
12:42:55,-34.24657534
12:42:56,-34.24657534
12:42:58,-34.24657534
12:42:59,-34.24657534
12:43:0,-34.24657534
12:43:1,-34.24657534
12:43:2,-34.24657534
12:43:3,-34.24657534
12:43:4,-34.24657534
12:43:5,-30.82191781
12:43:6,-34.24657534
12:43:7,-34.24657534
12:43:8,-34.24657534
12:43:9,-34.24657534
12:43:10,-34.24657534
12:43:12,-34.24657534
12:43:13,-34.24657534
12:43:14,-34.24657534
12:43:15,-34.24657534
12:43:16,-30.82191781
12:43:17,-34.24657534
12:43:18,-34.24657534
12:43:19,-30.82191781
12:43:20,-30.82191781
12:43:21,-34.24657534
12:43:22,-34.24657534
12:43:23,-34.24657534
12:43:24,-34.24657534
12:43:26,-34.24657534
12:43:27,-34.24657534
12:43:28,-34.24657534
12:43:29,-34.24657534
12:43:30,-34.24657534
12:43:31,-34.24657534
12:43:32,-30.82191781
12:43:33,-30.82191781
12:43:34,-34.24657534
12:43:35,-34.24657534
12:43:36,-30.82191781
12:43:37,-34.24657534
12:43:39,-34.24657534
12:43:40,-34.24657534
12:43:41,-34.24657534
12:43:42,-34.24657534
12:43:43,-30.82191781
12:43:44,-30.82191781
12:43:45,-30.82191781
12:43:46,-34.24657534
12:43:47,-34.24657534
12:43:48,-30.82191781
12:43:49,-34.24657534
12:43:50,-34.24657534
12:43:51,-34.24657534
12:43:53,-34.24657534
12:43:54,-34.24657534
12:43:55,-34.24657534
12:43:56,-34.24657534
12:43:57,-34.24657534
12:43:58,-34.24657534
12:43:59,-34.24657534
12:44:0,-34.24657534
12:44:1,-34.24657534
12:44:2,-34.24657534
12:44:3,-34.24657534
12:44:4,-34.24657534
12:44:5,-34.24657534
12:44:7,-34.24657534
12:44:8,-34.24657534
12:44:9,-30.82191781
12:44:10,-34.24657534
12:44:11,-34.24657534
12:44:12,-34.24657534
12:44:13,-34.24657534
12:44:14,-34.24657534
12:44:15,-34.24657534
12:44:16,-30.82191781
12:44:17,-30.82191781
12:44:18,-34.24657534
12:44:19,-34.24657534
12:44:21,-34.24657534
12:44:22,-34.24657534
12:44:23,-34.24657534
12:44:24,-34.24657534
12:44:25,-34.24657534
12:44:26,-34.24657534
12:44:27,-34.24657534
12:44:28,-34.24657534
12:44:29,-34.24657534
12:44:30,-34.24657534
12:44:31,-34.24657534
12:44:32,-34.24657534
12:44:34,-34.24657534
12:44:35,-34.24657534
12:44:36,-34.24657534
12:44:37,-34.24657534
12:44:38,-34.24657534
12:44:39,-34.24657534
12:44:40,-34.24657534
12:44:41,-34.24657534
12:44:42,-34.24657534
12:44:43,-34.24657534
12:44:44,-34.24657534
12:44:45,-34.24657534
12:44:46,-30.82191781
12:44:48,-30.82191781
12:44:49,-34.24657534
12:44:50,-30.82191781
12:44:51,-34.24657534
12:44:52,-34.24657534
12:44:53,-30.82191781
12:44:54,-34.24657534
12:44:55,-34.24657534
12:44:56,-34.24657534
12:44:57,-34.24657534
12:44:58,-30.82191781
12:44:59,-34.24657534
12:45:0,-34.24657534
12:45:2,-34.24657534
12:45:3,-34.24657534
12:45:4,-34.24657534
12:45:5,-34.24657534
12:45:6,-34.24657534
12:45:7,-34.24657534
12:45:8,-34.24657534
12:45:9,-34.24657534
12:45:10,-34.24657534
12:45:11,-34.24657534
12:45:12,-34.24657534
12:45:13,-34.24657534
12:45:15,-34.24657534
12:45:16,-34.24657534
12:45:17,-34.24657534
12:45:18,-34.24657534
12:45:19,-34.24657534
12:45:20,-34.24657534
12:45:21,-34.24657534
12:45:22,-34.24657534
12:45:23,-34.24657534
12:45:24,-34.24657534
12:45:25,-34.24657534
12:45:26,-34.24657534
12:45:27,-30.82191781
12:45:29,-34.24657534
12:45:30,-34.24657534
12:45:31,-34.24657534
12:45:32,-34.24657534
12:45:33,-34.24657534
12:45:34,-30.82191781
12:45:35,-30.82191781
12:45:36,-30.82191781
12:45:37,-34.24657534
12:45:38,-30.82191781
12:45:39,-34.24657534
12:45:40,-34.24657534
12:45:41,-34.24657534
12:45:43,-30.82191781
12:45:44,-34.24657534
12:45:45,-34.24657534
12:45:46,-34.24657534
12:45:47,-34.24657534
12:45:48,-30.82191781
12:45:49,-34.24657534
12:45:50,-34.24657534
12:45:51,-34.24657534
12:45:52,-34.24657534
12:45:53,-34.24657534
12:45:54,-34.24657534
12:45:56,-34.24657534
12:45:57,-34.24657534
12:45:58,-34.24657534
12:45:59,-34.24657534
12:46:0,-34.24657534
12:46:1,-34.24657534
12:46:2,-34.24657534
12:46:3,-34.24657534
12:46:4,-34.24657534
12:46:5,-30.82191781
12:46:6,-30.82191781
12:46:7,-34.24657534
12:46:8,-34.24657534
12:46:10,-34.24657534
12:46:11,-34.24657534
12:46:12,-34.24657534
12:46:13,-34.24657534
12:46:14,-34.24657534
12:46:15,-34.24657534
12:46:16,-34.24657534
12:46:17,-34.24657534
12:46:18,-30.82191781
12:46:19,-34.24657534
12:46:20,-34.24657534
12:46:21,-30.82191781
12:46:22,-34.24657534
12:46:24,-34.24657534
12:46:25,-34.24657534
12:46:26,-34.24657534
12:46:27,-34.24657534
12:46:28,-34.24657534
12:46:29,-34.24657534
12:46:30,-34.24657534
12:46:31,-34.24657534
12:46:32,-34.24657534
12:46:33,-34.24657534
12:46:34,-34.24657534
12:46:35,-34.24657534
12:46:36,-34.24657534
12:46:38,-34.24657534
12:46:39,-34.24657534
12:46:40,-34.24657534
12:46:41,-34.24657534
12:46:42,-34.24657534
12:46:43,-34.24657534
12:46:44,-34.24657534
12:46:45,-34.24657534
12:46:46,-34.24657534
12:46:47,-34.24657534
12:46:48,-34.24657534
12:46:49,-34.24657534
12:46:50,-30.82191781
12:46:52,-34.24657534
12:46:53,-34.24657534
12:46:54,-34.24657534
12:46:55,-34.24657534
12:46:56,-34.24657534
12:46:57,-34.24657534
12:46:58,-34.24657534
12:46:59,-34.24657534
12:47:0,-34.24657534
12:47:1,-30.82191781
12:47:2,-34.24657534
12:47:3,-34.24657534
12:47:4,-34.24657534
12:47:6,-34.24657534
12:47:7,-34.24657534
12:47:8,-34.24657534
12:47:9,-34.24657534
12:47:10,-34.24657534
12:47:11,-34.24657534
12:47:12,-34.24657534
12:47:13,-34.24657534
12:47:14,-34.24657534
12:47:15,-34.24657534
12:47:16,-34.24657534
12:47:17,-30.82191781
12:47:18,-34.24657534
12:47:20,-34.24657534
12:47:21,-34.24657534
12:47:22,-34.24657534
12:47:23,-34.24657534
12:47:24,-34.24657534
12:47:25,-34.24657534
12:47:26,-34.24657534
12:47:27,-34.24657534
12:47:28,-34.24657534
12:47:29,-34.24657534
12:47:30,-34.24657534
12:47:31,-34.24657534
12:47:32,-34.24657534
12:47:34,-34.24657534
12:47:35,-34.24657534
12:47:36,-34.24657534
12:47:37,-34.24657534
12:47:38,-34.24657534
12:47:39,-34.24657534
12:47:40,-34.24657534
12:47:41,-34.24657534
12:47:42,-34.24657534
12:47:43,-34.24657534
12:47:44,-34.24657534
12:47:45,-34.24657534
12:47:46,-34.24657534
12:47:48,-34.24657534
12:47:49,-34.24657534
12:47:50,-34.24657534
12:47:51,-34.24657534
12:47:52,-34.24657534
12:47:53,-34.24657534
12:47:54,-34.24657534
12:47:55,-30.82191781
12:47:56,-34.24657534
12:47:57,-34.24657534
12:47:58,-34.24657534
12:47:59,-34.24657534
12:48:1,-34.24657534
12:48:2,-34.24657534
12:48:3,-34.24657534
12:48:4,-34.24657534
12:48:5,-34.24657534
12:48:6,-30.82191781
12:48:7,-34.24657534
12:48:8,-34.24657534
12:48:9,-34.24657534
12:48:10,-34.24657534
12:48:11,-34.24657534
12:48:12,-34.24657534
12:48:13,-34.24657534
12:48:15,-34.24657534
12:48:16,-34.24657534
12:48:17,-34.24657534
12:48:18,-34.24657534
12:48:19,-30.82191781
12:48:20,-34.24657534
12:48:21,-34.24657534
12:48:22,-30.82191781
12:48:23,-30.82191781
12:48:24,-34.24657534
12:48:25,-34.24657534
12:48:26,-30.82191781
12:48:27,-34.24657534
12:48:29,-34.24657534
12:48:30,-30.82191781
12:48:31,-34.24657534
12:48:32,-34.24657534
12:48:33,-34.24657534
12:48:34,-34.24657534
12:48:35,-34.24657534
12:48:36,-30.82191781
12:48:37,-34.24657534
12:48:38,-34.24657534
12:48:39,-34.24657534
12:48:40,-34.24657534
12:48:41,-34.24657534
12:48:43,-34.24657534
12:48:44,-30.82191781
12:48:45,-34.24657534
12:48:46,-34.24657534
12:48:47,-34.24657534
12:48:48,-30.82191781
12:48:49,-34.24657534
12:48:50,-34.24657534
12:48:51,-34.24657534
12:48:52,-34.24657534
12:48:53,-34.24657534
12:48:54,-34.24657534
12:48:55,-34.24657534
12:48:57,-34.24657534
12:48:58,-34.24657534
12:48:59,-34.24657534
12:49:0,-34.24657534
12:49:1,-34.24657534
12:49:2,-34.24657534
12:49:3,-34.24657534
12:49:4,-34.24657534
12:49:5,-34.24657534
12:49:6,-34.24657534
12:49:7,-30.82191781
12:49:8,-30.82191781
12:49:9,-34.24657534
12:49:11,-30.82191781
12:49:12,-34.24657534
12:49:13,-34.24657534
12:49:14,-34.24657534
12:49:15,-34.24657534
12:49:16,-34.24657534
12:49:17,-34.24657534
12:49:18,-34.24657534
12:49:19,-34.24657534
12:49:20,-34.24657534
12:49:21,-34.24657534
12:49:22,-34.24657534
12:49:24,-34.24657534
12:49:25,-34.24657534
12:49:26,-30.82191781
12:49:27,-34.24657534
12:49:28,-34.24657534
12:49:29,-34.24657534
12:49:30,-30.82191781
12:49:31,-30.82191781
12:49:32,-34.24657534
12:49:33,-34.24657534
12:49:34,-34.24657534
12:49:35,-34.24657534
12:49:36,-34.24657534
12:49:38,-34.24657534
12:49:39,-34.24657534
12:49:40,-34.24657534
12:49:41,-34.24657534
12:49:42,-34.24657534
12:49:43,-34.24657534
12:49:44,-34.24657534
12:49:45,-34.24657534
12:49:46,-30.82191781
12:49:47,-34.24657534
12:49:48,-34.24657534
12:49:49,-30.82191781
12:49:50,-34.24657534
12:49:52,-34.24657534
12:49:53,-34.24657534
12:49:54,-34.24657534
12:49:55,-34.24657534
12:49:56,-30.82191781
12:49:57,-34.24657534
12:49:58,-34.24657534
12:49:59,-34.24657534
12:50:0,-34.24657534
12:50:1,-34.24657534
12:50:2,-34.24657534
12:50:3,-34.24657534
12:50:4,-30.82191781
12:50:6,-30.82191781
12:50:7,-34.24657534
12:50:8,-34.24657534
12:50:9,-34.24657534
12:50:10,-34.24657534
12:50:11,-34.24657534
12:50:12,-34.24657534
12:50:13,-34.24657534
12:50:14,-34.24657534
12:50:15,-34.24657534
12:50:16,-34.24657534
12:50:17,-34.24657534
12:50:18,-34.24657534
12:50:20,-34.24657534
12:50:21,-34.24657534
12:50:22,-34.24657534
12:50:23,-34.24657534
12:50:24,-34.24657534
12:50:25,-34.24657534
12:50:26,-34.24657534
12:50:27,-30.82191781
12:50:28,-30.82191781
12:50:29,-34.24657534
12:50:30,-34.24657534
12:50:31,-34.24657534
12:50:32,-34.24657534
12:50:34,-34.24657534
12:50:35,-34.24657534
12:50:36,-34.24657534
12:50:37,-34.24657534
12:50:38,-34.24657534
12:50:39,-34.24657534
12:50:40,-34.24657534
12:50:41,-30.82191781
12:50:42,-34.24657534
12:50:43,-34.24657534
12:50:44,-34.24657534
12:50:45,-34.24657534
12:50:46,-34.24657534
12:50:48,-30.82191781
12:50:49,-34.24657534
12:50:50,-30.82191781
12:50:51,-34.24657534
12:50:52,-34.24657534
12:50:53,-30.82191781
12:50:54,-34.24657534
12:50:55,-34.24657534
12:50:56,-34.24657534
12:50:57,-34.24657534
12:50:58,-34.24657534
12:50:59,-34.24657534
12:51:1,-34.24657534
12:51:2,-34.24657534
12:51:3,-34.24657534
12:51:4,-34.24657534
12:51:5,-30.82191781
12:51:6,-34.24657534
12:51:7,-34.24657534
12:51:8,-34.24657534
12:51:9,-30.82191781
12:51:10,-34.24657534
12:51:11,-34.24657534
12:51:12,-34.24657534
12:51:13,-34.24657534
12:51:15,-34.24657534
12:51:16,-34.24657534
12:51:17,-34.24657534
12:51:18,-34.24657534
12:51:19,-34.24657534
12:51:20,-34.24657534
12:51:21,-34.24657534
12:51:22,-34.24657534
12:51:23,-34.24657534
12:51:24,-34.24657534
12:51:25,-34.24657534
12:51:26,-34.24657534
12:51:27,-34.24657534
12:51:29,-30.82191781
12:51:30,-34.24657534
12:51:31,-34.24657534
12:51:32,-34.24657534
12:51:33,-30.82191781
12:51:34,-34.24657534
12:51:35,-34.24657534
12:51:36,-34.24657534
12:51:37,-34.24657534
12:51:38,-34.24657534
12:51:39,-34.24657534
12:51:40,-34.24657534
12:51:41,-30.82191781
12:51:43,-34.24657534
12:51:44,-30.82191781
12:51:45,-34.24657534
12:51:46,-30.82191781
12:51:47,-34.24657534
12:51:48,-34.24657534
12:51:49,-30.82191781
12:51:50,-34.24657534
12:51:51,-34.24657534
12:51:52,-34.24657534
12:51:53,-34.24657534
12:51:54,-34.24657534
12:51:55,-34.24657534
12:51:57,-34.24657534
12:51:58,-34.24657534
12:51:59,-34.24657534
12:52:0,-30.82191781
12:52:1,-34.24657534
12:52:2,-34.24657534
12:52:3,-34.24657534
12:52:4,-34.24657534
12:52:5,-34.24657534
12:52:6,-34.24657534
12:52:7,-34.24657534
12:52:8,-34.24657534
12:52:9,-34.24657534
12:52:11,-34.24657534
12:52:12,-34.24657534
12:52:13,-30.82191781
12:52:14,-34.24657534
12:52:15,-34.24657534
12:52:16,-34.24657534
12:52:17,-34.24657534
12:52:18,-30.82191781
12:52:19,-34.24657534
12:52:20,-34.24657534
12:52:21,-34.24657534
12:52:22,-34.24657534
12:52:23,-34.24657534
12:52:25,-34.24657534
12:52:26,-34.24657534
12:52:27,-34.24657534
12:52:28,-34.24657534
12:52:29,-30.82191781
12:52:30,-30.82191781
12:52:31,-34.24657534
12:52:32,-30.82191781
12:52:33,-34.24657534
12:52:34,-34.24657534
12:52:35,-34.24657534
12:52:36,-34.24657534
12:52:37,-34.24657534
12:52:39,-34.24657534
12:52:40,-34.24657534
12:52:41,-34.24657534
12:52:42,-34.24657534
12:52:43,-34.24657534
12:52:44,-30.82191781
12:52:45,-34.24657534
12:52:46,-34.24657534
12:52:47,-34.24657534
12:52:48,-34.24657534
12:52:49,-34.24657534
12:52:50,-34.24657534
12:52:51,-34.24657534
12:52:53,-34.24657534
12:52:54,-34.24657534
12:52:55,-34.24657534
12:52:56,-30.82191781
12:52:57,-30.82191781
12:52:58,-30.82191781
12:52:59,-30.82191781
12:53:0,-34.24657534
12:53:1,-30.82191781
12:53:2,-34.24657534
12:53:3,-30.82191781
12:53:4,-34.24657534
12:53:5,-34.24657534
12:53:7,-34.24657534
12:53:8,-34.24657534
12:53:9,-34.24657534
12:53:10,-34.24657534
12:53:11,-34.24657534
12:53:12,-34.24657534
12:53:13,-34.24657534
12:53:14,-34.24657534
12:53:15,-30.82191781
12:53:16,-34.24657534
12:53:17,-34.24657534
12:53:18,-34.24657534
12:53:20,-34.24657534
12:53:21,-34.24657534
12:53:22,-34.24657534
12:53:23,-34.24657534
12:53:24,-34.24657534
12:53:25,-34.24657534
12:53:26,-34.24657534
12:53:27,-34.24657534
12:53:28,-34.24657534
12:53:29,-34.24657534
12:53:30,-34.24657534
12:53:31,-34.24657534
12:53:32,-34.24657534
12:53:34,-30.82191781
12:53:35,-34.24657534
12:53:36,-34.24657534
12:53:37,-34.24657534
12:53:38,-34.24657534
12:53:39,-34.24657534
12:53:40,-34.24657534
12:53:41,-34.24657534
12:53:42,-34.24657534
12:53:43,-34.24657534
12:53:44,-34.24657534
12:53:45,-34.24657534
12:53:46,-34.24657534
12:53:48,-34.24657534
12:53:49,-30.82191781
12:53:50,-30.82191781
12:53:51,-34.24657534
12:53:52,-34.24657534
12:53:53,-34.24657534
12:53:54,-34.24657534
12:53:55,-34.24657534
12:53:56,-34.24657534
12:53:57,-34.24657534
12:53:58,-34.24657534
12:53:59,-34.24657534
12:54:0,-34.24657534
12:54:2,-34.24657534
12:54:3,-34.24657534
12:54:4,-34.24657534
12:54:5,-34.24657534
12:54:6,-34.24657534
12:54:7,-34.24657534
12:54:8,-34.24657534
12:54:9,-34.24657534
12:54:10,-34.24657534
12:54:11,-34.24657534
12:54:12,-34.24657534
12:54:13,-34.24657534
12:54:14,-30.82191781
12:54:16,-34.24657534
12:54:17,-34.24657534
12:54:18,-34.24657534
12:54:19,-34.24657534
12:54:20,-34.24657534
12:54:21,-34.24657534
12:54:22,-34.24657534
12:54:23,-30.82191781
12:54:24,-34.24657534
12:54:25,-34.24657534
12:54:26,-34.24657534
12:54:27,-30.82191781
12:54:28,-34.24657534
12:54:30,-34.24657534
12:54:31,-34.24657534
12:54:32,-34.24657534
12:54:33,-34.24657534
12:54:34,-34.24657534
12:54:35,-30.82191781
12:54:36,-34.24657534
12:54:37,-34.24657534
12:54:38,-34.24657534
12:54:39,-34.24657534
12:54:40,-34.24657534
12:54:41,-34.24657534
12:54:42,-34.24657534
12:54:44,-34.24657534
12:54:45,-34.24657534
12:54:46,-30.82191781
12:54:47,-34.24657534
12:54:48,-34.24657534
12:54:49,-30.82191781
12:54:50,-34.24657534
12:54:51,-34.24657534
12:54:52,-34.24657534
12:54:53,-34.24657534
12:54:54,-34.24657534
12:54:55,-34.24657534
12:54:57,-34.24657534
12:54:58,-30.82191781
12:54:59,-34.24657534
12:55:0,-34.24657534
12:55:1,-34.24657534
12:55:2,-34.24657534
12:55:3,-34.24657534
12:55:4,-30.82191781
12:55:5,-34.24657534
12:55:6,-34.24657534
12:55:7,-34.24657534
12:55:8,-34.24657534
12:55:9,-34.24657534
12:55:11,-34.24657534
12:55:12,-34.24657534
12:55:13,-34.24657534
12:55:14,-34.24657534
12:55:15,-34.24657534
12:55:16,-34.24657534
12:55:17,-34.24657534
12:55:18,-34.24657534
12:55:19,-34.24657534
12:55:20,-34.24657534
12:55:21,-30.82191781
12:55:22,-34.24657534
12:55:24,-34.24657534
12:55:25,-34.24657534
12:55:26,-34.24657534
12:55:27,-30.82191781
12:55:28,-34.24657534
12:55:29,-34.24657534
12:55:30,-34.24657534
12:55:31,-34.24657534
12:55:32,-34.24657534
12:55:33,-34.24657534
12:55:34,-34.24657534
12:55:35,-34.24657534
12:55:36,-34.24657534
12:55:38,-34.24657534
12:55:39,-34.24657534
12:55:40,-34.24657534
12:55:41,-34.24657534
12:55:42,-30.82191781
12:55:43,-34.24657534
12:55:44,-34.24657534
12:55:45,-30.82191781
12:55:46,-34.24657534
12:55:47,-30.82191781
12:55:48,-34.24657534
12:55:49,-34.24657534
12:55:50,-34.24657534
12:55:52,-34.24657534
12:55:53,-34.24657534
12:55:54,-30.82191781
12:55:55,-34.24657534
12:55:56,-34.24657534
12:55:57,-34.24657534
12:55:58,-34.24657534
12:55:59,-30.82191781
12:56:0,-34.24657534
12:56:1,-30.82191781
12:56:2,-34.24657534
12:56:3,-34.24657534
12:56:4,-34.24657534
12:56:6,-34.24657534
12:56:7,-34.24657534
12:56:8,-34.24657534
12:56:9,-34.24657534
12:56:10,-34.24657534
12:56:11,-34.24657534
12:56:12,-30.82191781
12:56:13,-30.82191781
12:56:14,-34.24657534
12:56:15,-30.82191781
12:56:16,-34.24657534
12:56:17,-34.24657534
12:56:18,-34.24657534
12:56:20,-30.82191781
12:56:21,-34.24657534
12:56:22,-34.24657534
12:56:23,-34.24657534
12:56:24,-30.82191781
12:56:25,-34.24657534
12:56:26,-34.24657534
12:56:27,-30.82191781
12:56:28,-34.24657534
12:56:29,-34.24657534
12:56:30,-34.24657534
12:56:31,-34.24657534
12:56:32,-34.24657534
12:56:34,-34.24657534
12:56:35,-34.24657534
12:56:36,-34.24657534
12:56:37,-34.24657534
12:56:38,-34.24657534
12:56:39,-34.24657534
12:56:40,-34.24657534
12:56:41,-34.24657534
12:56:42,-34.24657534
12:56:43,-34.24657534
12:56:44,-34.24657534
12:56:45,-34.24657534
12:56:46,-34.24657534
12:56:48,-34.24657534
12:56:49,-34.24657534
12:56:50,-34.24657534
12:56:51,-34.24657534
12:56:52,-34.24657534
12:56:53,-34.24657534
12:56:54,-34.24657534
12:56:55,-30.82191781
12:56:56,-34.24657534
12:56:57,-34.24657534
12:56:58,-34.24657534
12:56:59,-34.24657534
12:57:1,-34.24657534
12:57:2,-34.24657534
12:57:3,-30.82191781
12:57:4,-34.24657534
12:57:5,-34.24657534
12:57:6,-34.24657534
12:57:7,-34.24657534
12:57:8,-34.24657534
12:57:9,-34.24657534
12:57:10,-30.82191781
12:57:11,-34.24657534
12:57:12,-34.24657534
12:57:13,-34.24657534
12:57:15,-34.24657534
12:57:16,-34.24657534
12:57:17,-34.24657534
12:57:18,-34.24657534
12:57:19,-34.24657534
12:57:20,-34.24657534
12:57:21,-34.24657534
12:57:22,-34.24657534
12:57:23,-34.24657534
12:57:24,-34.24657534
12:57:25,-34.24657534
12:57:26,-34.24657534
12:57:27,-34.24657534
12:57:29,-34.24657534
12:57:30,-34.24657534
12:57:31,-34.24657534
12:57:32,-34.24657534
12:57:33,-34.24657534
12:57:34,-34.24657534
12:57:35,-34.24657534
12:57:36,-34.24657534
12:57:37,-34.24657534
12:57:38,-34.24657534
12:57:39,-34.24657534
12:57:40,-34.24657534
12:57:41,-34.24657534
12:57:43,-34.24657534
12:57:44,-34.24657534
12:57:45,-34.24657534
12:57:46,-34.24657534
12:57:47,-34.24657534
12:57:48,-34.24657534
12:57:49,-30.82191781
12:57:50,-34.24657534
12:57:51,-34.24657534
12:57:52,-34.24657534
12:57:53,-34.24657534
12:57:55,-30.82191781
12:57:56,-34.24657534
12:57:57,-34.24657534
12:57:58,-34.24657534
12:57:59,-34.24657534
12:58:0,-34.24657534
12:58:1,-34.24657534
12:58:2,-30.82191781
12:58:3,-34.24657534
12:58:4,-34.24657534
12:58:5,-34.24657534
12:58:6,-34.24657534
12:58:7,-34.24657534
12:58:9,-34.24657534
12:58:10,-34.24657534
12:58:11,-34.24657534
12:58:12,-34.24657534
12:58:13,-30.82191781
12:58:14,-34.24657534
12:58:15,-34.24657534
12:58:16,-34.24657534
12:58:17,-30.82191781
12:58:18,-34.24657534
12:58:19,-34.24657534
12:58:20,-34.24657534
12:58:21,-34.24657534
12:58:23,-34.24657534
12:58:24,-34.24657534
12:58:25,-34.24657534
12:58:26,-34.24657534
12:58:27,-34.24657534
12:58:28,-34.24657534
12:58:29,-34.24657534
12:58:30,-30.82191781
12:58:31,-34.24657534
12:58:32,-34.24657534
12:58:33,-34.24657534
12:58:34,-34.24657534
12:58:35,-34.24657534
12:58:37,-34.24657534
12:58:38,-34.24657534
12:58:39,-30.82191781
12:58:40,-30.82191781
12:58:41,-34.24657534
12:58:42,-34.24657534
12:58:43,-34.24657534
12:58:44,-34.24657534
12:58:45,-34.24657534
12:58:46,-34.24657534
12:58:47,-34.24657534
12:58:48,-34.24657534
12:58:49,-34.24657534
12:58:51,-34.24657534
12:58:52,-34.24657534
12:58:53,-34.24657534
12:58:54,-34.24657534
12:58:55,-34.24657534
12:58:56,-34.24657534
12:58:57,-34.24657534
12:58:58,-34.24657534
12:58:59,-34.24657534
12:59:0,-30.82191781
12:59:1,-34.24657534
12:59:2,-34.24657534
12:59:3,-30.82191781
12:59:5,-34.24657534
12:59:6,-34.24657534
12:59:7,-30.82191781
12:59:8,-34.24657534
12:59:9,-34.24657534
12:59:10,-34.24657534
12:59:11,-34.24657534
12:59:12,-34.24657534
12:59:13,-34.24657534
12:59:14,-34.24657534
12:59:15,-34.24657534
12:59:16,-34.24657534
12:59:17,-34.24657534
12:59:19,-34.24657534
12:59:20,-34.24657534
12:59:21,-34.24657534
12:59:22,-30.82191781
12:59:23,-34.24657534
12:59:24,-34.24657534
12:59:25,-34.24657534
12:59:26,-34.24657534
12:59:27,-34.24657534
12:59:28,-34.24657534
12:59:29,-34.24657534
12:59:30,-34.24657534
12:59:31,-34.24657534
12:59:33,-34.24657534
12:59:34,-34.24657534
12:59:35,-34.24657534
12:59:36,-30.82191781
12:59:37,-34.24657534
12:59:38,-34.24657534
12:59:39,-30.82191781
12:59:40,-34.24657534
12:59:41,-34.24657534
12:59:42,-34.24657534
12:59:43,-34.24657534
12:59:44,-34.24657534
12:59:46,-34.24657534
12:59:47,-34.24657534
12:59:48,-34.24657534
12:59:49,-30.82191781
12:59:50,-34.24657534
12:59:51,-30.82191781
12:59:52,-34.24657534
12:59:53,-34.24657534
12:59:54,-34.24657534
12:59:55,-34.24657534
12:59:56,-34.24657534
12:59:57,-30.82191781
12:59:58,-30.82191781
13:0:0,-34.24657534
13:0:1,-30.82191781
13:0:2,-30.82191781
13:0:3,-34.24657534
13:0:4,-34.24657534
13:0:5,-34.24657534
13:0:6,-30.82191781
13:0:7,-34.24657534
13:0:8,-34.24657534
13:0:9,-34.24657534
13:0:10,-34.24657534
13:0:11,-34.24657534
13:0:13,-30.82191781
13:0:14,-34.24657534
13:0:15,-34.24657534
13:0:16,-30.82191781
13:0:17,-30.82191781
13:0:18,-30.82191781
13:0:19,-34.24657534
13:0:20,-34.24657534
13:0:21,-34.24657534
13:0:22,-34.24657534
13:0:23,-30.82191781
13:0:24,-30.82191781
13:0:25,-34.24657534
13:0:27,-34.24657534
13:0:28,-34.24657534
13:0:29,-30.82191781
13:0:30,-34.24657534
13:0:31,-34.24657534
13:0:32,-34.24657534
13:0:33,-34.24657534
13:0:34,-34.24657534
13:0:35,-34.24657534
13:0:36,-34.24657534
13:0:37,-34.24657534
13:0:38,-34.24657534
13:0:39,-34.24657534
13:0:41,-34.24657534
13:0:42,-34.24657534
13:0:43,-30.82191781
13:0:44,-34.24657534
13:0:45,-34.24657534
13:0:46,-30.82191781
13:0:47,-34.24657534
13:0:48,-34.24657534
13:0:49,-34.24657534
13:0:50,-34.24657534
13:0:51,-34.24657534
13:0:52,-34.24657534
13:0:53,-34.24657534
13:0:55,-30.82191781
13:0:56,-34.24657534
13:0:57,-34.24657534
13:0:58,-34.24657534
13:0:59,-34.24657534
13:1:0,-34.24657534
13:1:1,-30.82191781
13:1:2,-34.24657534
13:1:3,-30.82191781
13:1:4,-34.24657534
13:1:5,-30.82191781
13:1:6,-30.82191781
13:1:7,-34.24657534
13:1:9,-34.24657534
13:1:10,-30.82191781
13:1:11,-34.24657534
13:1:12,-34.24657534
13:1:13,-34.24657534
13:1:14,-34.24657534
13:1:15,-30.82191781
13:1:16,-34.24657534
13:1:17,-34.24657534
13:1:18,-34.24657534
13:1:19,-34.24657534
13:1:20,-34.24657534
13:1:21,-34.24657534
13:1:23,-34.24657534
13:1:24,-34.24657534
13:1:25,-34.24657534
13:1:26,-34.24657534
13:1:27,-34.24657534
13:1:28,-34.24657534
13:1:29,-34.24657534
13:1:30,-34.24657534
13:1:31,-34.24657534
13:1:32,-34.24657534
13:1:33,-34.24657534
13:1:34,-34.24657534
13:1:35,-34.24657534
13:1:37,-34.24657534
13:1:38,-34.24657534
13:1:39,-34.24657534
13:1:40,-34.24657534
13:1:41,-34.24657534
13:1:42,-34.24657534
13:1:43,-30.82191781
13:1:44,-34.24657534
13:1:45,-34.24657534
13:1:46,-34.24657534
13:1:47,-30.82191781
13:1:48,-34.24657534
13:1:49,-34.24657534
13:1:51,-30.82191781
13:1:52,-34.24657534
13:1:53,-34.24657534
13:1:54,-34.24657534
13:1:55,-34.24657534
13:1:56,-34.24657534
13:1:57,-30.82191781
13:1:58,-34.24657534
13:1:59,-34.24657534
13:2:0,-34.24657534
13:2:1,-34.24657534
13:2:2,-34.24657534
13:2:3,-30.82191781
13:2:5,-34.24657534
13:2:6,-34.24657534
13:2:7,-34.24657534
13:2:8,-34.24657534
13:2:9,-34.24657534
13:2:10,-30.82191781
13:2:11,-30.82191781
13:2:12,-34.24657534
13:2:13,-34.24657534
13:2:14,-34.24657534
13:2:15,-34.24657534
13:2:16,-34.24657534
13:2:17,-34.24657534
13:2:19,-30.82191781
13:2:20,-34.24657534
13:2:21,-34.24657534
13:2:22,-30.82191781
13:2:23,-34.24657534
13:2:24,-34.24657534
13:2:25,-34.24657534
13:2:26,-34.24657534
13:2:27,-34.24657534
13:2:28,-34.24657534
13:2:29,-34.24657534
13:2:30,-34.24657534
13:2:31,-34.24657534
13:2:33,-34.24657534
13:2:34,-34.24657534
13:2:35,-34.24657534
13:2:36,-34.24657534
13:2:37,-34.24657534
13:2:38,-34.24657534
13:2:39,-34.24657534
13:2:40,-34.24657534
13:2:41,-34.24657534
13:2:42,-30.82191781
13:2:43,-34.24657534
13:2:44,-34.24657534
13:2:45,-34.24657534
13:2:47,-34.24657534
13:2:48,-34.24657534
13:2:49,-34.24657534
13:2:50,-34.24657534
13:2:51,-34.24657534
13:2:52,-34.24657534
13:2:53,-34.24657534
13:2:54,-30.82191781
13:2:55,-34.24657534
13:2:56,-34.24657534
13:2:57,-34.24657534
13:2:58,-30.82191781
13:3:0,-30.82191781
13:3:1,-34.24657534
13:3:2,-34.24657534
13:3:3,-34.24657534
13:3:4,-34.24657534
13:3:5,-34.24657534
13:3:6,-34.24657534
13:3:7,-34.24657534
13:3:8,-34.24657534
13:3:9,-34.24657534
13:3:10,-34.24657534
13:3:11,-34.24657534
13:3:12,-30.82191781
13:3:14,-34.24657534
13:3:15,-34.24657534
13:3:16,-34.24657534
13:3:17,-30.82191781
13:3:18,-34.24657534
13:3:19,-34.24657534
13:3:20,-34.24657534
13:3:21,-30.82191781
13:3:22,-34.24657534
13:3:23,-34.24657534
13:3:24,-34.24657534
13:3:25,-34.24657534
13:3:26,-34.24657534
13:3:28,-34.24657534
13:3:29,-34.24657534
13:3:30,-34.24657534
13:3:31,-34.24657534
13:3:32,-34.24657534
13:3:33,-34.24657534
13:3:34,-34.24657534
13:3:35,-30.82191781
13:3:36,-34.24657534
13:3:37,-34.24657534
13:3:38,-34.24657534
13:3:39,-34.24657534
13:3:40,-34.24657534
13:3:42,-34.24657534
13:3:43,-34.24657534
13:3:44,-34.24657534
13:3:45,-30.82191781
13:3:46,-34.24657534
13:3:47,-34.24657534
13:3:48,-34.24657534
13:3:49,-34.24657534
13:3:50,-34.24657534
13:3:51,-34.24657534
13:3:52,-34.24657534
13:3:53,-34.24657534
13:3:54,-34.24657534
13:3:56,-34.24657534
13:3:57,-30.82191781
13:3:58,-34.24657534
13:3:59,-34.24657534
13:4:0,-30.82191781
13:4:1,-30.82191781
13:4:2,-30.82191781
13:4:3,-34.24657534
13:4:4,-34.24657534
13:4:5,-30.82191781
13:4:6,-34.24657534
13:4:7,-34.24657534
13:4:8,-34.24657534
13:4:10,-34.24657534
13:4:11,-30.82191781
13:4:12,-34.24657534
13:4:13,-34.24657534
13:4:14,-30.82191781
13:4:15,-34.24657534
13:4:16,-34.24657534
13:4:17,-30.82191781
13:4:18,-30.82191781
13:4:19,-30.82191781
13:4:20,-34.24657534
13:4:21,-34.24657534
13:4:22,-34.24657534
13:4:24,-30.82191781
13:4:25,-34.24657534
13:4:26,-34.24657534
13:4:27,-34.24657534
13:4:28,-34.24657534
13:4:29,-34.24657534
13:4:30,-34.24657534
13:4:31,-34.24657534
13:4:32,-34.24657534
13:4:33,-34.24657534
13:4:34,-34.24657534
13:4:35,-34.24657534
13:4:36,-34.24657534
13:4:38,-34.24657534
13:4:39,-34.24657534
13:4:40,-34.24657534
13:4:41,-34.24657534
13:4:42,-30.82191781
13:4:43,-34.24657534
13:4:44,-34.24657534
13:4:45,-34.24657534
13:4:46,-34.24657534
13:4:47,-34.24657534
13:4:48,-34.24657534
13:4:49,-30.82191781
13:4:50,-34.24657534
13:4:52,-34.24657534
13:4:53,-34.24657534
13:4:54,-34.24657534
13:4:55,-34.24657534
13:4:56,-34.24657534
13:4:57,-34.24657534
13:4:58,-34.24657534
13:4:59,-34.24657534
13:5:0,-34.24657534
13:5:1,-34.24657534
13:5:2,-34.24657534
13:5:3,-34.24657534
13:5:4,-34.24657534
13:5:6,-34.24657534
13:5:7,-34.24657534
13:5:8,-34.24657534
13:5:9,-30.82191781
13:5:10,-34.24657534
13:5:11,-30.82191781
13:5:12,-30.82191781
13:5:13,-34.24657534
13:5:14,-34.24657534
13:5:15,-30.82191781
13:5:16,-30.82191781
13:5:17,-30.82191781
13:5:19,-34.24657534
13:5:20,-34.24657534
13:5:21,-34.24657534
13:5:22,-30.82191781
13:5:23,-34.24657534
13:5:24,-34.24657534
13:5:25,-30.82191781
13:5:26,-34.24657534
13:5:27,-34.24657534
13:5:28,-30.82191781
13:5:29,-34.24657534
13:5:30,-30.82191781
13:5:32,-30.82191781
13:5:33,-34.24657534
13:5:34,-30.82191781
