1,-34.24657534
2,-34.24657534
3,-34.24657534
4,-34.24657534
5,-34.24657534
6,-34.24657534
7,-34.24657534
8,-34.24657534
9,-34.24657534
10,-34.24657534
11,-34.24657534
12,-34.24657534
13,-34.24657534
14,-34.24657534
15,-34.24657534
16,-34.24657534
17,-34.24657534
18,-34.24657534
19,-34.24657534
20,-34.24657534
21,-34.24657534
22,-34.24657534
23,-34.24657534
24,-34.24657534
25,-34.24657534
26,-34.24657534
27,-34.24657534
28,-34.24657534
29,-30.82191781
30,-34.24657534
31,-34.24657534
32,-34.24657534
33,-34.24657534
34,-30.82191781
35,-34.24657534
36,-34.24657534
37,-34.24657534
38,-34.24657534
39,-34.24657534
40,-34.24657534
41,-34.24657534
42,-34.24657534
43,-34.24657534
44,-30.82191781
45,-34.24657534
46,-34.24657534
47,-34.24657534
48,-34.24657534
49,-34.24657534
50,-34.24657534
51,-34.24657534
52,-34.24657534
53,-30.82191781
54,-34.24657534
55,-34.24657534
56,-34.24657534
57,-34.24657534
58,-30.82191781
59,-34.24657534
60,-34.24657534
61,-30.82191781
62,-34.24657534
63,-34.24657534
64,-34.24657534
65,-34.24657534
66,-34.24657534
67,-34.24657534
68,-34.24657534
69,-34.24657534
70,-30.82191781
71,-34.24657534
72,-34.24657534
73,-34.24657534
74,-34.24657534
75,-30.82191781
76,-34.24657534
77,-34.24657534
78,-34.24657534
79,-34.24657534
80,-30.82191781
81,-30.82191781
82,-34.24657534
83,-34.24657534
84,-34.24657534
85,-34.24657534
86,-34.24657534
87,-34.24657534
88,-34.24657534
89,-30.82191781
90,-34.24657534
91,-34.24657534
92,-34.24657534
93,-34.24657534
94,-30.82191781
95,-34.24657534
96,-34.24657534
97,-34.24657534
98,-30.82191781
99,-30.82191781
100,-34.24657534
101,-34.24657534
102,-30.82191781
103,-34.24657534
104,-34.24657534
105,-34.24657534
106,-34.24657534
107,-34.24657534
108,-34.24657534
109,-34.24657534
110,-34.24657534
111,-34.24657534
112,-34.24657534
113,-34.24657534
114,-34.24657534
115,-34.24657534
116,-34.24657534
117,-34.24657534
118,-34.24657534
119,-34.24657534
120,-30.82191781
121,-34.24657534
122,-34.24657534
123,-30.82191781
124,-30.82191781
125,-34.24657534
126,-34.24657534
127,-30.82191781
128,-34.24657534
129,-34.24657534
130,-34.24657534
131,-34.24657534
132,-30.82191781
133,-30.82191781
134,-34.24657534
135,-34.24657534
136,-34.24657534
137,-34.24657534
138,-34.24657534
139,-30.82191781
140,-34.24657534
141,-34.24657534
142,-34.24657534
143,-34.24657534
144,-34.24657534
145,-30.82191781
146,-34.24657534
147,-34.24657534
148,-34.24657534
149,-34.24657534
150,-34.24657534
151,-34.24657534
152,-34.24657534
153,-34.24657534
154,-34.24657534
155,-34.24657534
156,-34.24657534
157,-34.24657534
158,-34.24657534
159,-34.24657534
160,-34.24657534
161,-34.24657534
162,-30.82191781
163,-34.24657534
164,-34.24657534
165,-34.24657534
166,-34.24657534
167,-34.24657534
168,-34.24657534
169,-34.24657534
170,-34.24657534
171,-34.24657534
172,-34.24657534
173,-34.24657534
174,-34.24657534
175,-34.24657534
176,-30.82191781
177,-34.24657534
178,-30.82191781
179,-34.24657534
180,-34.24657534
181,-34.24657534
182,-34.24657534
183,-34.24657534
184,-34.24657534
185,-34.24657534
186,-34.24657534
187,-34.24657534
188,-34.24657534
189,-34.24657534
190,-34.24657534
191,-34.24657534
192,-34.24657534
193,-34.24657534
194,-34.24657534
195,-34.24657534
196,-34.24657534
197,-34.24657534
198,-34.24657534
199,-34.24657534
200,-34.24657534
201,-34.24657534
202,-34.24657534
203,-34.24657534
204,-30.82191781
205,-34.24657534
206,-34.24657534
207,-34.24657534
208,-34.24657534
209,-34.24657534
210,-34.24657534
211,-34.24657534
212,-34.24657534
213,-30.82191781
214,-34.24657534
215,-34.24657534
216,-30.82191781
217,-34.24657534
218,-34.24657534
219,-34.24657534
220,-34.24657534
221,-34.24657534
222,-34.24657534
223,-30.82191781
224,-34.24657534
225,-34.24657534
226,-34.24657534
227,-30.82191781
228,-34.24657534
229,-34.24657534
230,-30.82191781
231,-34.24657534
232,-34.24657534
233,-34.24657534
234,-34.24657534
235,-34.24657534
236,-34.24657534
237,-34.24657534
238,-34.24657534
239,-34.24657534
240,-34.24657534
241,-34.24657534
242,-34.24657534
243,-34.24657534
244,-34.24657534
245,-34.24657534
246,-34.24657534
247,-34.24657534
248,-34.24657534
249,-34.24657534
250,-34.24657534
251,-34.24657534
252,-34.24657534
253,-34.24657534
254,-34.24657534
255,-34.24657534
256,-34.24657534
257,-30.82191781
258,-34.24657534
259,-34.24657534
260,-34.24657534
261,-34.24657534
262,-30.82191781
263,-34.24657534
264,-30.82191781
265,-30.82191781
266,-34.24657534
267,-34.24657534
268,-34.24657534
269,-34.24657534
270,-34.24657534
271,-34.24657534
272,-34.24657534
273,-34.24657534
274,-34.24657534
275,-34.24657534
276,-34.24657534
277,-34.24657534
278,-34.24657534
279,-34.24657534
280,-34.24657534
281,-34.24657534
282,-34.24657534
283,-34.24657534
284,-30.82191781
285,-34.24657534
286,-34.24657534
287,-34.24657534
288,-34.24657534
289,-34.24657534
290,-34.24657534
291,-34.24657534
292,-34.24657534
293,-30.82191781
294,-30.82191781
295,-34.24657534
296,-34.24657534
297,-34.24657534
298,-34.24657534
299,-34.24657534
300,-34.24657534
301,-30.82191781
302,-34.24657534
303,-34.24657534
304,-34.24657534
305,-34.24657534
306,-30.82191781
307,-34.24657534
308,-30.82191781
309,-34.24657534
310,-34.24657534
311,-34.24657534
312,-34.24657534
313,-34.24657534
314,-34.24657534
315,-34.24657534
316,-30.82191781
317,-34.24657534
318,-34.24657534
319,-34.24657534
320,-34.24657534
321,-34.24657534
322,-30.82191781
323,-34.24657534
324,-34.24657534
325,-34.24657534
326,-34.24657534
327,-34.24657534
328,-34.24657534
329,-34.24657534
330,-34.24657534
331,-34.24657534
332,-30.82191781
333,-34.24657534
334,-34.24657534
335,-34.24657534
336,-34.24657534
337,-34.24657534
338,-34.24657534
339,-30.82191781
340,-30.82191781
341,-34.24657534
342,-30.82191781
343,-30.82191781
344,-30.82191781
345,-34.24657534
346,-34.24657534
347,-34.24657534
348,-34.24657534
349,-30.82191781
350,-34.24657534
351,-34.24657534
352,-34.24657534
353,-34.24657534
354,-34.24657534
355,-34.24657534
356,-34.24657534
357,-34.24657534
358,-34.24657534
359,-34.24657534
360,-34.24657534
361,-30.82191781
362,-34.24657534
363,-34.24657534
364,-34.24657534
365,-34.24657534
366,-34.24657534
367,-34.24657534
368,-34.24657534
369,-34.24657534
370,-34.24657534
371,-34.24657534
372,-34.24657534
373,-34.24657534
374,-30.82191781
375,-30.82191781
376,-34.24657534
377,-30.82191781
378,-34.24657534
379,-34.24657534
380,-30.82191781
381,-30.82191781
382,-34.24657534
383,-34.24657534
384,-34.24657534
385,-34.24657534
386,-34.24657534
387,-34.24657534
388,-34.24657534
389,-34.24657534
390,-34.24657534
391,-34.24657534
392,-34.24657534
393,-30.82191781
394,-30.82191781
395,-34.24657534
396,-34.24657534
397,-34.24657534
398,-34.24657534
399,-34.24657534
400,-34.24657534
401,-34.24657534
402,-34.24657534
403,-34.24657534
404,-34.24657534
405,-34.24657534
406,-34.24657534
407,-34.24657534
408,-34.24657534
409,-34.24657534
410,-34.24657534
411,-34.24657534
412,-34.24657534
413,-34.24657534
414,-34.24657534
415,-34.24657534
416,-34.24657534
417,-30.82191781
418,-34.24657534
419,-34.24657534
420,-34.24657534
421,-34.24657534
422,-34.24657534
423,-34.24657534
424,-34.24657534
425,-34.24657534
426,-34.24657534
427,-34.24657534
428,-34.24657534
429,-34.24657534
430,-34.24657534
431,-34.24657534
432,-34.24657534
433,-34.24657534
434,-34.24657534
435,-34.24657534
436,-34.24657534
437,-34.24657534
438,-34.24657534
439,-34.24657534
440,-34.24657534
441,-34.24657534
442,-34.24657534
443,-34.24657534
444,-34.24657534
445,-34.24657534
446,-34.24657534
447,-34.24657534
448,-30.82191781
449,-34.24657534
450,-30.82191781
451,-34.24657534
452,-34.24657534
453,-34.24657534
454,-34.24657534
455,-34.24657534
456,-34.24657534
457,-34.24657534
458,-34.24657534
459,-34.24657534
460,-34.24657534
461,-34.24657534
462,-34.24657534
463,-34.24657534
464,-30.82191781
465,-34.24657534
466,-34.24657534
467,-34.24657534
468,-34.24657534
469,-34.24657534
470,-34.24657534
471,-30.82191781
472,-34.24657534
473,-34.24657534
474,-34.24657534
475,-34.24657534
476,-34.24657534
477,-34.24657534
478,-34.24657534
479,-34.24657534
480,-34.24657534
481,-34.24657534
482,-34.24657534
483,-34.24657534
484,-34.24657534
485,-34.24657534
486,-34.24657534
487,-34.24657534
488,-34.24657534
489,-34.24657534
490,-34.24657534
491,-34.24657534
492,-34.24657534
493,-30.82191781
494,-30.82191781
495,-34.24657534
496,-34.24657534
497,-34.24657534
498,-34.24657534
499,-34.24657534
500,-34.24657534
501,-34.24657534
502,-30.82191781
503,-34.24657534
504,-34.24657534
505,-30.82191781
506,-30.82191781
507,-34.24657534
508,-34.24657534
509,-34.24657534
510,-34.24657534
511,-30.82191781
512,-34.24657534
513,-34.24657534
514,-34.24657534
515,-30.82191781
516,-34.24657534
517,-34.24657534
518,-34.24657534
519,-34.24657534
520,-30.82191781
521,-30.82191781
522,-30.82191781
523,-34.24657534
524,-34.24657534
525,-34.24657534
526,-34.24657534
527,-34.24657534
528,-34.24657534
529,-34.24657534
530,-34.24657534
531,-34.24657534
532,-34.24657534
533,-34.24657534
534,-30.82191781
535,-34.24657534
536,-34.24657534
537,-34.24657534
538,-34.24657534
539,-30.82191781
540,-34.24657534
541,-34.24657534
542,-34.24657534
543,-34.24657534
544,-30.82191781
545,-34.24657534
546,-34.24657534
547,-34.24657534
548,-30.82191781
549,-34.24657534
550,-34.24657534
551,-30.82191781
552,-34.24657534
553,-30.82191781
554,-34.24657534
555,-34.24657534
556,-34.24657534
557,-34.24657534
558,-34.24657534
559,-30.82191781
560,-34.24657534
561,-34.24657534
562,-34.24657534
563,-34.24657534
564,-34.24657534
565,-30.82191781
566,-34.24657534
567,-34.24657534
568,-34.24657534
569,-34.24657534
570,-34.24657534
571,-34.24657534
572,-34.24657534
573,-34.24657534
574,-34.24657534
575,-34.24657534
576,-34.24657534
577,-34.24657534
578,-34.24657534
579,-34.24657534
580,-34.24657534
581,-34.24657534
582,-34.24657534
583,-34.24657534
584,-34.24657534
585,-34.24657534
586,-34.24657534
587,-34.24657534
588,-34.24657534
589,-34.24657534
590,-34.24657534
591,-34.24657534
592,-34.24657534
593,-34.24657534
594,-34.24657534
595,-34.24657534
596,-34.24657534
597,-34.24657534
598,-34.24657534
599,-34.24657534
600,-34.24657534
601,-34.24657534
602,-30.82191781
603,-30.82191781
604,-34.24657534
605,-34.24657534
606,-34.24657534
607,-30.82191781
608,-34.24657534
609,-30.82191781
610,-34.24657534
611,-34.24657534
612,-34.24657534
613,-30.82191781
614,-34.24657534
615,-34.24657534
616,-34.24657534
617,-34.24657534
618,-34.24657534
619,-34.24657534
620,-34.24657534
621,-34.24657534
622,-30.82191781
623,-34.24657534
624,-34.24657534
625,-30.82191781
626,-34.24657534
627,-30.82191781
628,-34.24657534
629,-34.24657534
630,-34.24657534
631,-34.24657534
632,-34.24657534
633,-34.24657534
634,-30.82191781
635,-34.24657534
636,-34.24657534
637,-30.82191781
638,-34.24657534
639,-30.82191781
640,-34.24657534
641,-34.24657534
642,-34.24657534
643,-34.24657534
644,-34.24657534
645,-34.24657534
646,-34.24657534
647,-34.24657534
648,-34.24657534
649,-34.24657534
650,-34.24657534
651,-34.24657534
652,-34.24657534
653,-34.24657534
654,-34.24657534
655,-34.24657534
656,-34.24657534
657,-34.24657534
658,-34.24657534
659,-34.24657534
660,-30.82191781
661,-30.82191781
662,-34.24657534
663,-30.82191781
664,-34.24657534
665,-34.24657534
666,-34.24657534
667,-34.24657534
668,-34.24657534
669,-30.82191781
670,-34.24657534
671,-34.24657534
672,-34.24657534
673,-30.82191781
674,-34.24657534
675,-34.24657534
676,-34.24657534
677,-34.24657534
678,-34.24657534
679,-30.82191781
680,-30.82191781
681,-34.24657534
682,-34.24657534
683,-34.24657534
684,-34.24657534
685,-34.24657534
686,-34.24657534
687,-34.24657534
688,-30.82191781
689,-34.24657534
690,-34.24657534
691,-34.24657534
692,-34.24657534
693,-34.24657534
694,-34.24657534
695,-34.24657534
696,-34.24657534
697,-34.24657534
698,-34.24657534
699,-34.24657534
700,-34.24657534
701,-34.24657534
702,-34.24657534
703,-30.82191781
704,-30.82191781
705,-30.82191781
706,-34.24657534
707,-30.82191781
708,-34.24657534
709,-30.82191781
710,-34.24657534
711,-34.24657534
712,-34.24657534
713,-34.24657534
714,-34.24657534
715,-30.82191781
716,-34.24657534
717,-34.24657534
718,-34.24657534
719,-34.24657534
720,-34.24657534
721,-34.24657534
722,-34.24657534
723,-34.24657534
724,-34.24657534
725,-34.24657534
726,-34.24657534
727,-34.24657534
728,-34.24657534
729,-34.24657534
730,-34.24657534
731,-34.24657534
732,-34.24657534
733,-34.24657534
734,-34.24657534
735,-34.24657534
736,-34.24657534
737,-34.24657534
738,-34.24657534
739,-34.24657534
740,-34.24657534
741,-34.24657534
742,-34.24657534
743,-34.24657534
744,-34.24657534
745,-34.24657534
746,-34.24657534
747,-34.24657534
748,-34.24657534
749,-34.24657534
750,-34.24657534
751,-34.24657534
752,-34.24657534
753,-34.24657534
754,-34.24657534
755,-34.24657534
756,-34.24657534
757,-34.24657534
758,-34.24657534
759,-34.24657534
760,-34.24657534
761,-34.24657534
762,-30.82191781
763,-30.82191781
764,-34.24657534
765,-34.24657534
766,-34.24657534
767,-30.82191781
768,-34.24657534
769,-34.24657534
770,-30.82191781
771,-34.24657534
772,-34.24657534
773,-34.24657534
774,-34.24657534
775,-30.82191781
776,-34.24657534
777,-34.24657534
778,-30.82191781
779,-30.82191781
780,-30.82191781
781,-34.24657534
782,-34.24657534
783,-34.24657534
784,-34.24657534
785,-34.24657534
786,-30.82191781
787,-34.24657534
788,-34.24657534
789,-34.24657534
790,-34.24657534
791,-34.24657534
792,-30.82191781
793,-30.82191781
794,-34.24657534
795,-30.82191781
796,-34.24657534
797,-34.24657534
798,-34.24657534
799,-34.24657534
800,-34.24657534
801,-34.24657534
802,-34.24657534
803,-34.24657534
804,-34.24657534
805,-34.24657534
806,-34.24657534
807,-34.24657534
808,-30.82191781
809,-30.82191781
810,-34.24657534
811,-34.24657534
812,-34.24657534
813,-34.24657534
814,-30.82191781
815,-34.24657534
816,-34.24657534
817,-34.24657534
818,-34.24657534
819,-34.24657534
820,-34.24657534
821,-34.24657534
822,-34.24657534
823,-34.24657534
824,-30.82191781
825,-34.24657534
826,-30.82191781
827,-34.24657534
828,-34.24657534
829,-34.24657534
830,-30.82191781
831,-34.24657534
832,-34.24657534
833,-30.82191781
834,-30.82191781
835,-34.24657534
836,-34.24657534
837,-30.82191781
838,-34.24657534
839,-34.24657534
840,-30.82191781
841,-34.24657534
842,-34.24657534
843,-30.82191781
844,-30.82191781
845,-34.24657534
846,-34.24657534
847,-30.82191781
848,-34.24657534
849,-34.24657534
850,-34.24657534
851,-30.82191781
852,-34.24657534
853,-34.24657534
854,-34.24657534
855,-34.24657534
856,-34.24657534
857,-34.24657534
858,-30.82191781
859,-30.82191781
860,-34.24657534
861,-34.24657534
862,-34.24657534
863,-30.82191781
864,-34.24657534
865,-34.24657534
866,-30.82191781
867,-34.24657534
868,-34.24657534
869,-34.24657534
870,-34.24657534
871,-34.24657534
872,-30.82191781
873,-30.82191781
874,-34.24657534
875,-30.82191781
876,-34.24657534
877,-34.24657534
878,-30.82191781
879,-34.24657534
880,-34.24657534
881,-34.24657534
882,-34.24657534
883,-34.24657534
884,-34.24657534
885,-34.24657534
886,-34.24657534
887,-34.24657534
888,-34.24657534
889,-34.24657534
890,-34.24657534
891,-34.24657534
892,-34.24657534
893,-34.24657534
894,-34.24657534
895,-34.24657534
896,-34.24657534
897,-34.24657534
898,-34.24657534
899,-34.24657534
900,-34.24657534
901,-34.24657534
902,-34.24657534
903,-34.24657534
904,-34.24657534
905,-34.24657534
906,-34.24657534
907,-34.24657534
908,-34.24657534
909,-34.24657534
910,-34.24657534
911,-34.24657534
912,-34.24657534
913,-34.24657534
914,-34.24657534
915,-30.82191781
916,-34.24657534
917,-34.24657534
918,-34.24657534
919,-34.24657534
920,-34.24657534
921,-30.82191781
922,-34.24657534
923,-34.24657534
924,-34.24657534
925,-30.82191781
926,-30.82191781
927,-34.24657534
928,-34.24657534
929,-30.82191781
930,-34.24657534
931,-34.24657534
932,-30.82191781
933,-34.24657534
934,-34.24657534
935,-34.24657534
936,-34.24657534
937,-30.82191781
938,-34.24657534
939,-34.24657534
940,-34.24657534
941,-34.24657534
942,-34.24657534
943,-34.24657534
944,-34.24657534
945,-34.24657534
946,-30.82191781
947,-34.24657534
948,-34.24657534
949,-34.24657534
950,-34.24657534
951,-34.24657534
952,-34.24657534
953,-34.24657534
954,-34.24657534
955,-34.24657534
956,-34.24657534
957,-34.24657534
958,-34.24657534
959,-30.82191781
960,-30.82191781
961,-34.24657534
962,-30.82191781
963,-34.24657534
964,-30.82191781
965,-34.24657534
966,-34.24657534
967,-34.24657534
968,-34.24657534
969,-34.24657534
970,-34.24657534
971,-34.24657534
972,-34.24657534
973,-34.24657534
974,-34.24657534
975,-34.24657534
976,-34.24657534
977,-34.24657534
978,-30.82191781
979,-34.24657534
980,-30.82191781
981,-34.24657534
982,-34.24657534
983,-34.24657534
984,-30.82191781
985,-30.82191781
986,-34.24657534
987,-34.24657534
988,-34.24657534
989,-30.82191781
990,-30.82191781
991,-34.24657534
992,-34.24657534
993,-34.24657534
994,-34.24657534
995,-34.24657534
996,-34.24657534
997,-34.24657534
998,-34.24657534
999,-34.24657534
1000,-34.24657534
1001,-34.24657534
1002,-34.24657534
1003,-34.24657534
1004,-34.24657534
1005,-34.24657534
1006,-34.24657534
1007,-30.82191781
1008,-34.24657534
1009,-34.24657534
1010,-30.82191781
1011,-34.24657534
1012,-34.24657534
1013,-30.82191781
1014,-34.24657534
1015,-34.24657534
1016,-34.24657534
1017,-34.24657534
1018,-30.82191781
1019,-34.24657534
1020,-34.24657534
1021,-30.82191781
1022,-34.24657534
1023,-30.82191781
1024,-34.24657534
1025,-30.82191781
1026,-34.24657534
1027,-34.24657534
1028,-34.24657534
1029,-34.24657534
1030,-30.82191781
1031,-34.24657534
1032,-34.24657534
1033,-34.24657534
1034,-34.24657534
1035,-34.24657534
1036,-30.82191781
1037,-34.24657534
1038,-30.82191781
1039,-34.24657534
1040,-34.24657534
1041,-34.24657534
1042,-30.82191781
1043,-30.82191781
1044,-30.82191781
1045,-34.24657534
1046,-34.24657534
1047,-30.82191781
1048,-34.24657534
1049,-34.24657534
1050,-34.24657534
1051,-34.24657534
1052,-34.24657534
1053,-34.24657534
1054,-34.24657534
1055,-34.24657534
1056,-34.24657534
1057,-34.24657534
1058,-34.24657534
1059,-34.24657534
1060,-34.24657534
1061,-34.24657534
1062,-30.82191781
1063,-34.24657534
1064,-34.24657534
1065,-34.24657534
1066,-34.24657534
1067,-34.24657534
1068,-34.24657534
1069,-34.24657534
1070,-34.24657534
1071,-34.24657534
1072,-30.82191781
1073,-34.24657534
1074,-34.24657534
1075,-34.24657534
1076,-34.24657534
1077,-34.24657534
1078,-30.82191781
1079,-34.24657534
1080,-30.82191781
1081,-30.82191781
1082,-34.24657534
1083,-34.24657534
1084,-34.24657534
1085,-34.24657534
1086,-34.24657534
1087,-34.24657534
1088,-34.24657534
1089,-34.24657534
1090,-34.24657534
1091,-34.24657534
1092,-30.82191781
1093,-34.24657534
1094,-34.24657534
1095,-34.24657534
1096,-34.24657534
1097,-34.24657534
1098,-34.24657534
1099,-30.82191781
1100,-34.24657534
1101,-34.24657534
1102,-34.24657534
1103,-30.82191781
1104,-34.24657534
1105,-34.24657534
1106,-34.24657534
1107,-30.82191781
1108,-30.82191781
1109,-34.24657534
1110,-34.24657534
1111,-34.24657534
1112,-34.24657534
1113,-34.24657534
1114,-34.24657534
1115,-30.82191781
1116,-30.82191781
1117,-34.24657534
1118,-34.24657534
1119,-34.24657534
1120,-30.82191781
1121,-34.24657534
1122,-30.82191781
1123,-30.82191781
1124,-30.82191781
1125,-34.24657534
1126,-34.24657534
1127,-34.24657534
1128,-30.82191781
1129,-34.24657534
1130,-34.24657534
1131,-34.24657534
1132,-34.24657534
1133,-34.24657534
1134,-34.24657534
1135,-34.24657534
1136,-34.24657534
1137,-34.24657534
1138,-34.24657534
1139,-34.24657534
1140,-34.24657534
1141,-34.24657534
1142,-34.24657534
1143,-34.24657534
1144,-34.24657534
1145,-34.24657534
1146,-30.82191781
1147,-34.24657534
1148,-34.24657534
1149,-34.24657534
1150,-34.24657534
1151,-34.24657534
1152,-34.24657534
1153,-34.24657534
1154,-34.24657534
1155,-34.24657534
1156,-34.24657534
1157,-34.24657534
1158,-30.82191781
1159,-34.24657534
1160,-34.24657534
1161,-34.24657534
1162,-34.24657534
1163,-34.24657534
1164,-30.82191781
1165,-30.82191781
1166,-34.24657534
1167,-34.24657534
1168,-34.24657534
1169,-34.24657534
1170,-34.24657534
1171,-34.24657534
1172,-34.24657534
1173,-34.24657534
1174,-34.24657534
1175,-34.24657534
1176,-34.24657534
1177,-34.24657534
1178,-30.82191781
1179,-34.24657534
1180,-34.24657534
1181,-34.24657534
1182,-34.24657534
1183,-34.24657534
1184,-34.24657534
1185,-34.24657534
1186,-34.24657534
1187,-34.24657534
1188,-30.82191781
1189,-30.82191781
1190,-30.82191781
1191,-34.24657534
1192,-34.24657534
1193,-34.24657534
1194,-34.24657534
1195,-34.24657534
1196,-34.24657534
1197,-30.82191781
1198,-30.82191781
1199,-34.24657534
1200,-34.24657534
1201,-30.82191781
1202,-34.24657534
1203,-34.24657534
1204,-30.82191781
1205,-34.24657534
1206,-34.24657534
1207,-34.24657534
1208,-34.24657534
1209,-34.24657534
1210,-34.24657534
1211,-34.24657534
1212,-34.24657534
1213,-34.24657534
1214,-34.24657534
1215,-30.82191781
1216,-34.24657534
1217,-30.82191781
1218,-34.24657534
1219,-34.24657534
1220,-34.24657534
1221,-34.24657534
1222,-34.24657534
1223,-34.24657534
1224,-34.24657534
1225,-34.24657534
1226,-34.24657534
1227,-34.24657534
1228,-34.24657534
1229,-34.24657534
1230,-34.24657534
1231,-34.24657534
1232,-30.82191781
1233,-34.24657534
1234,-34.24657534
1235,-30.82191781
1236,-34.24657534
1237,-34.24657534
1238,-34.24657534
1239,-34.24657534
1240,-30.82191781
1241,-34.24657534
1242,-34.24657534
1243,-34.24657534
1244,-34.24657534
1245,-34.24657534
1246,-34.24657534
1247,-34.24657534
1248,-34.24657534
1249,-34.24657534
1250,-34.24657534
1251,-34.24657534
1252,-34.24657534
1253,-30.82191781
1254,-34.24657534
1255,-34.24657534
1256,-34.24657534
1257,-34.24657534
1258,-34.24657534
1259,-34.24657534
1260,-34.24657534
1261,-34.24657534
1262,-34.24657534
1263,-34.24657534
1264,-34.24657534
1265,-34.24657534
1266,-34.24657534
1267,-34.24657534
1268,-34.24657534
1269,-34.24657534
1270,-34.24657534
1271,-34.24657534
1272,-34.24657534
1273,-34.24657534
1274,-34.24657534
1275,-34.24657534
1276,-34.24657534
1277,-34.24657534
1278,-34.24657534
1279,-30.82191781
1280,-34.24657534
1281,-30.82191781
1282,-34.24657534
1283,-34.24657534
1284,-34.24657534
1285,-34.24657534
1286,-34.24657534
1287,-34.24657534
1288,-34.24657534
1289,-34.24657534
1290,-34.24657534
1291,-34.24657534
1292,-34.24657534
1293,-34.24657534
1294,-34.24657534
1295,-34.24657534
1296,-34.24657534
1297,-34.24657534
1298,-30.82191781
1299,-30.82191781
1300,-34.24657534
1301,-34.24657534
1302,-34.24657534
1303,-34.24657534
1304,-34.24657534
1305,-34.24657534
1306,-34.24657534
1307,-34.24657534
1308,-34.24657534
1309,-34.24657534
1310,-30.82191781
1311,-34.24657534
1312,-34.24657534
1313,-34.24657534
1314,-34.24657534
1315,-34.24657534
1316,-34.24657534
1317,-34.24657534
1318,-34.24657534
1319,-30.82191781
1320,-34.24657534
1321,-34.24657534
1322,-34.24657534
1323,-34.24657534
1324,-30.82191781
1325,-34.24657534
1326,-34.24657534
1327,-34.24657534
1328,-34.24657534
1329,-34.24657534
1330,-34.24657534
1331,-34.24657534
1332,-34.24657534
1333,-34.24657534
1334,-34.24657534
1335,-34.24657534
1336,-34.24657534
1337,-34.24657534
1338,-34.24657534
1339,-30.82191781
1340,-30.82191781
1341,-34.24657534
1342,-34.24657534
1343,-30.82191781
1344,-34.24657534
1345,-34.24657534
1346,-34.24657534
1347,-34.24657534
1348,-34.24657534
1349,-34.24657534
1350,-34.24657534
1351,-30.82191781
1352,-34.24657534
1353,-34.24657534
1354,-30.82191781
1355,-34.24657534
1356,-34.24657534
1357,-30.82191781
1358,-34.24657534
1359,-34.24657534
1360,-34.24657534
1361,-34.24657534
1362,-34.24657534
1363,-34.24657534
1364,-34.24657534
1365,-34.24657534
1366,-34.24657534
1367,-34.24657534
1368,-34.24657534
1369,-34.24657534
1370,-30.82191781
1371,-34.24657534
1372,-34.24657534
1373,-34.24657534
1374,-34.24657534
1375,-34.24657534
1376,-34.24657534
1377,-34.24657534
1378,-34.24657534
1379,-34.24657534
1380,-34.24657534
1381,-30.82191781
1382,-30.82191781
1383,-34.24657534
1384,-34.24657534
1385,-34.24657534
1386,-34.24657534
1387,-34.24657534
1388,-34.24657534
1389,-34.24657534
1390,-34.24657534
1391,-34.24657534
1392,-30.82191781
1393,-34.24657534
1394,-30.82191781
1395,-34.24657534
1396,-34.24657534
1397,-34.24657534
1398,-30.82191781
1399,-34.24657534
1400,-34.24657534
1401,-30.82191781
1402,-34.24657534
1403,-34.24657534
1404,-34.24657534
1405,-34.24657534
1406,-34.24657534
1407,-34.24657534
1408,-34.24657534
1409,-34.24657534
1410,-34.24657534
1411,-34.24657534
1412,-34.24657534
1413,-34.24657534
1414,-34.24657534
1415,-34.24657534
1416,-34.24657534
1417,-34.24657534
1418,-34.24657534
1419,-34.24657534
1420,-34.24657534
1421,-30.82191781
1422,-34.24657534
1423,-34.24657534
1424,-34.24657534
1425,-30.82191781
1426,-30.82191781
1427,-34.24657534
1428,-34.24657534
1429,-34.24657534
1430,-34.24657534
1431,-34.24657534
1432,-30.82191781
1433,-34.24657534
1434,-34.24657534
1435,-34.24657534
1436,-34.24657534
1437,-34.24657534
1438,-34.24657534
1439,-34.24657534
1440,-34.24657534
1441,-34.24657534
1442,-34.24657534
1443,-34.24657534
1444,-34.24657534
1445,-34.24657534
1446,-30.82191781
1447,-34.24657534
1448,-34.24657534
1449,-34.24657534
1450,-34.24657534
1451,-34.24657534
1452,-34.24657534
1453,-34.24657534
1454,-34.24657534
1455,-34.24657534
1456,-34.24657534
1457,-34.24657534
1458,-34.24657534
1459,-34.24657534
1460,-34.24657534
1461,-34.24657534
1462,-34.24657534
1463,-30.82191781
1464,-34.24657534
1465,-30.82191781
1466,-34.24657534
1467,-34.24657534
1468,-34.24657534
1469,-34.24657534
1470,-34.24657534
1471,-34.24657534
1472,-34.24657534
1473,-30.82191781
1474,-34.24657534
1475,-34.24657534
1476,-34.24657534
1477,-34.24657534
1478,-34.24657534
1479,-34.24657534
1480,-34.24657534
1481,-30.82191781
1482,-34.24657534
1483,-34.24657534
1484,-34.24657534
1485,-34.24657534
1486,-34.24657534
1487,-34.24657534
1488,-34.24657534
1489,-34.24657534
1490,-34.24657534
1491,-34.24657534
1492,-30.82191781
1493,-34.24657534
1494,-34.24657534
1495,-34.24657534
1496,-34.24657534
1497,-34.24657534
1498,-34.24657534
1499,-34.24657534
1500,-34.24657534
1501,-34.24657534
1502,-34.24657534
1503,-34.24657534
1504,-34.24657534
1505,-34.24657534
1506,-34.24657534
1507,-34.24657534
1508,-34.24657534
1509,-34.24657534
1510,-34.24657534
1511,-30.82191781
1512,-34.24657534
1513,-34.24657534
1514,-34.24657534
1515,-34.24657534
1516,-34.24657534
1517,-34.24657534
1518,-34.24657534
1519,-30.82191781
1520,-34.24657534
1521,-34.24657534
1522,-34.24657534
1523,-30.82191781
1524,-34.24657534
1525,-34.24657534
1526,-34.24657534
1527,-34.24657534
1528,-30.82191781
1529,-34.24657534
1530,-34.24657534
1531,-34.24657534
1532,-34.24657534
1533,-34.24657534
1534,-34.24657534
1535,-34.24657534
1536,-34.24657534
1537,-34.24657534
1538,-34.24657534
1539,-34.24657534
1540,-34.24657534
1541,-34.24657534
1542,-34.24657534
1543,-34.24657534
1544,-30.82191781
1545,-30.82191781
1546,-30.82191781
1547,-34.24657534
1548,-34.24657534
1549,-34.24657534
1550,-34.24657534
1551,-34.24657534
1552,-34.24657534
1553,-34.24657534
1554,-34.24657534
1555,-34.24657534
1556,-30.82191781
1557,-34.24657534
1558,-34.24657534
1559,-34.24657534
1560,-34.24657534
1561,-34.24657534
1562,-30.82191781
1563,-34.24657534
1564,-30.82191781
1565,-34.24657534
1566,-34.24657534
1567,-34.24657534
1568,-34.24657534
1569,-34.24657534
1570,-34.24657534
1571,-34.24657534
1572,-34.24657534
1573,-34.24657534
1574,-34.24657534
1575,-34.24657534
1576,-34.24657534
1577,-34.24657534
1578,-34.24657534
1579,-34.24657534
1580,-34.24657534
1581,-34.24657534
1582,-34.24657534
1583,-34.24657534
1584,-34.24657534
1585,-34.24657534
1586,-34.24657534
1587,-30.82191781
1588,-34.24657534
1589,-34.24657534
1590,-34.24657534
1591,-34.24657534
1592,-34.24657534
1593,-34.24657534
1594,-34.24657534
1595,-34.24657534
1596,-34.24657534
1597,-30.82191781
1598,-34.24657534
1599,-34.24657534
1600,-34.24657534
1601,-34.24657534
1602,-30.82191781
1603,-34.24657534
1604,-34.24657534
1605,-34.24657534
1606,-34.24657534
1607,-30.82191781
1608,-34.24657534
1609,-30.82191781
1610,-30.82191781
1611,-34.24657534
1612,-34.24657534
1613,-34.24657534
1614,-34.24657534
1615,-34.24657534
1616,-34.24657534
1617,-34.24657534
1618,-30.82191781
1619,-34.24657534
1620,-34.24657534
1621,-34.24657534
1622,-34.24657534
1623,-34.24657534
1624,-34.24657534
1625,-34.24657534
1626,-34.24657534
1627,-34.24657534
1628,-34.24657534
1629,-30.82191781
1630,-30.82191781
1631,-34.24657534
1632,-34.24657534
1633,-34.24657534
1634,-34.24657534
1635,-30.82191781
1636,-34.24657534
1637,-34.24657534
1638,-30.82191781
1639,-34.24657534
1640,-34.24657534
1641,-30.82191781
1642,-34.24657534
1643,-30.82191781
1644,-34.24657534
1645,-30.82191781
1646,-34.24657534
1647,-30.82191781
1648,-34.24657534
1649,-34.24657534
1650,-34.24657534
1651,-34.24657534
1652,-34.24657534
1653,-30.82191781
1654,-34.24657534
1655,-34.24657534
1656,-34.24657534
1657,-34.24657534
1658,-34.24657534
1659,-30.82191781
1660,-30.82191781
1661,-34.24657534
1662,-34.24657534
1663,-34.24657534
1664,-34.24657534
1665,-34.24657534
1666,-30.82191781
1667,-34.24657534
1668,-34.24657534
1669,-34.24657534
1670,-34.24657534
1671,-34.24657534
1672,-34.24657534
1673,-34.24657534
1674,-34.24657534
1675,-34.24657534
1676,-34.24657534
1677,-34.24657534
1678,-34.24657534
1679,-34.24657534
1680,-34.24657534
1681,-30.82191781
1682,-30.82191781
1683,-34.24657534
1684,-34.24657534
1685,-30.82191781
1686,-34.24657534
1687,-34.24657534
1688,-34.24657534
1689,-34.24657534
1690,-34.24657534
1691,-34.24657534
1692,-34.24657534
1693,-34.24657534
1694,-34.24657534
1695,-34.24657534
1696,-34.24657534
1697,-34.24657534
1698,-34.24657534
1699,-34.24657534
1700,-34.24657534
1701,-34.24657534
1702,-34.24657534
1703,-34.24657534
1704,-34.24657534
1705,-34.24657534
1706,-30.82191781
1707,-34.24657534
1708,-34.24657534
1709,-34.24657534
1710,-34.24657534
1711,-34.24657534
1712,-34.24657534
1713,-34.24657534
1714,-34.24657534
1715,-34.24657534
1716,-34.24657534
1717,-34.24657534
1718,-34.24657534
1719,-34.24657534
1720,-34.24657534
1721,-34.24657534
1722,-34.24657534
1723,-34.24657534
1724,-30.82191781
1725,-34.24657534
1726,-34.24657534
1727,-30.82191781
1728,-30.82191781
1729,-30.82191781
1730,-30.82191781
1731,-30.82191781
1732,-34.24657534
1733,-34.24657534
1734,-34.24657534
1735,-34.24657534
1736,-34.24657534
1737,-34.24657534
1738,-34.24657534
1739,-34.24657534
1740,-34.24657534
1741,-34.24657534
1742,-34.24657534
1743,-34.24657534
1744,-34.24657534
1745,-34.24657534
1746,-34.24657534
1747,-34.24657534
1748,-30.82191781
1749,-30.82191781
1750,-34.24657534
1751,-34.24657534
1752,-34.24657534
1753,-34.24657534
1754,-34.24657534
1755,-34.24657534
1756,-34.24657534
1757,-34.24657534
1758,-34.24657534
1759,-34.24657534
1760,-30.82191781
1761,-34.24657534
1762,-34.24657534
1763,-34.24657534
1764,-34.24657534
1765,-34.24657534
1766,-34.24657534
1767,-34.24657534
1768,-34.24657534
1769,-30.82191781
1770,-34.24657534
1771,-34.24657534
1772,-34.24657534
1773,-30.82191781
1774,-30.82191781
1775,-34.24657534
1776,-34.24657534
1777,-34.24657534
1778,-30.82191781
1779,-34.24657534
1780,-30.82191781
1781,-30.82191781
1782,-34.24657534
1783,-34.24657534
1784,-34.24657534
1785,-34.24657534
1786,-34.24657534
1787,-34.24657534
1788,-34.24657534
1789,-30.82191781
1790,-34.24657534
1791,-34.24657534
1792,-34.24657534
1793,-30.82191781
1794,-34.24657534
1795,-34.24657534
1796,-30.82191781
1797,-34.24657534
1798,-34.24657534
1799,-34.24657534
1800,-34.24657534
1801,-34.24657534
1802,-30.82191781
1803,-34.24657534
1804,-30.82191781
1805,-34.24657534
1806,-30.82191781
1807,-34.24657534
1808,-34.24657534
1809,-34.24657534
1810,-34.24657534
1811,-34.24657534
1812,-34.24657534
1813,-34.24657534
1814,-34.24657534
1815,-34.24657534
1816,-34.24657534
1817,-34.24657534
1818,-34.24657534
1819,-34.24657534
1820,-34.24657534
1821,-34.24657534
1822,-34.24657534
1823,-34.24657534
1824,-34.24657534
1825,-34.24657534
1826,-34.24657534
1827,-30.82191781
1828,-34.24657534
1829,-34.24657534
1830,-34.24657534
1831,-34.24657534
1832,-34.24657534
1833,-34.24657534
1834,-34.24657534
1835,-34.24657534
1836,-34.24657534
1837,-34.24657534
1838,-34.24657534
1839,-34.24657534
1840,-34.24657534
1841,-34.24657534
1842,-30.82191781
1843,-30.82191781
1844,-30.82191781
1845,-34.24657534
1846,-34.24657534
1847,-30.82191781
1848,-34.24657534
1849,-34.24657534
1850,-34.24657534
1851,-30.82191781
1852,-34.24657534
1853,-34.24657534
1854,-30.82191781
1855,-34.24657534
1856,-34.24657534
1857,-30.82191781
1858,-34.24657534
1859,-34.24657534
1860,-34.24657534
1861,-34.24657534
1862,-34.24657534
1863,-34.24657534
1864,-34.24657534
1865,-34.24657534
1866,-34.24657534
1867,-34.24657534
1868,-30.82191781
1869,-34.24657534
1870,-34.24657534
1871,-34.24657534
1872,-34.24657534
1873,-34.24657534
1874,-34.24657534
1875,-34.24657534
1876,-34.24657534
1877,-34.24657534
1878,-34.24657534
1879,-34.24657534
1880,-30.82191781
1881,-30.82191781
1882,-30.82191781
1883,-34.24657534
1884,-34.24657534
1885,-34.24657534
1886,-30.82191781
1887,-34.24657534
1888,-34.24657534
1889,-34.24657534
1890,-34.24657534
1891,-30.82191781
1892,-34.24657534
1893,-34.24657534
1894,-30.82191781
1895,-34.24657534
1896,-30.82191781
1897,-34.24657534
1898,-30.82191781
1899,-34.24657534
1900,-34.24657534
1901,-34.24657534
1902,-30.82191781
1903,-34.24657534
1904,-34.24657534
1905,-34.24657534
1906,-30.82191781
1907,-34.24657534
1908,-30.82191781
1909,-34.24657534
1910,-34.24657534
1911,-30.82191781
1912,-34.24657534
1913,-34.24657534
1914,-34.24657534
1915,-30.82191781
1916,-30.82191781
1917,-34.24657534
1918,-34.24657534
1919,-30.82191781
1920,-34.24657534
1921,-30.82191781
1922,-34.24657534
1923,-34.24657534
1924,-34.24657534
1925,-34.24657534
1926,-34.24657534
1927,-30.82191781
1928,-30.82191781
1929,-34.24657534
1930,-30.82191781
1931,-34.24657534
1932,-34.24657534
1933,-34.24657534
1934,-34.24657534
1935,-34.24657534
1936,-34.24657534
1937,-34.24657534
1938,-30.82191781
1939,-34.24657534
1940,-34.24657534
1941,-34.24657534
1942,-34.24657534
1943,-34.24657534
1944,-34.24657534
1945,-30.82191781
1946,-34.24657534
1947,-34.24657534
1948,-30.82191781
1949,-34.24657534
1950,-34.24657534
1951,-34.24657534
1952,-34.24657534
1953,-34.24657534
1954,-34.24657534
1955,-34.24657534
1956,-34.24657534
1957,-34.24657534
1958,-34.24657534
1959,-34.24657534
1960,-34.24657534
1961,-34.24657534
1962,-34.24657534
1963,-34.24657534
1964,-30.82191781
1965,-34.24657534
1966,-34.24657534
1967,-34.24657534
1968,-34.24657534
1969,-30.82191781
1970,-34.24657534
1971,-34.24657534
1972,-34.24657534
1973,-34.24657534
1974,-34.24657534
1975,-34.24657534
1976,-34.24657534
1977,-30.82191781
1978,-30.82191781
1979,-30.82191781
1980,-34.24657534
1981,-30.82191781
1982,-34.24657534
1983,-34.24657534
1984,-34.24657534
1985,-34.24657534
1986,-34.24657534
1987,-34.24657534
1988,-34.24657534
1989,-34.24657534
1990,-34.24657534
1991,-34.24657534
1992,-34.24657534
1993,-34.24657534
1994,-34.24657534
1995,-34.24657534
1996,-30.82191781
1997,-34.24657534
1998,-34.24657534
1999,-34.24657534
2000,-34.24657534
2001,-34.24657534
2002,-34.24657534
2003,-34.24657534
2004,-34.24657534
2005,-34.24657534
2006,-34.24657534
2007,-34.24657534
2008,-34.24657534
2009,-30.82191781
2010,-34.24657534
2011,-34.24657534
2012,-34.24657534
2013,-34.24657534
2014,-34.24657534
2015,-34.24657534
2016,-34.24657534
2017,-34.24657534
2018,-30.82191781
2019,-30.82191781
2020,-34.24657534
2021,-34.24657534
2022,-34.24657534
2023,-34.24657534
2024,-34.24657534
2025,-34.24657534
2026,-34.24657534
2027,-34.24657534
2028,-34.24657534
2029,-34.24657534
2030,-34.24657534
2031,-34.24657534
2032,-34.24657534
2033,-34.24657534
2034,-34.24657534
2035,-34.24657534
2036,-34.24657534
2037,-34.24657534
2038,-34.24657534
2039,-34.24657534
2040,-30.82191781
2041,-30.82191781
2042,-34.24657534
2043,-34.24657534
2044,-34.24657534
2045,-34.24657534
2046,-30.82191781
2047,-34.24657534
2048,-34.24657534
2049,-34.24657534
2050,-34.24657534
2051,-34.24657534
2052,-34.24657534
2053,-34.24657534
2054,-34.24657534
2055,-34.24657534
2056,-34.24657534
2057,-34.24657534
2058,-34.24657534
2059,-34.24657534
2060,-34.24657534
2061,-34.24657534
2062,-34.24657534
2063,-34.24657534
2064,-34.24657534
2065,-34.24657534
2066,-34.24657534
2067,-34.24657534
2068,-30.82191781
2069,-30.82191781
2070,-30.82191781
2071,-34.24657534
2072,-30.82191781
2073,-30.82191781
2074,-30.82191781
2075,-34.24657534
2076,-34.24657534
2077,-34.24657534
2078,-34.24657534
2079,-34.24657534
2080,-34.24657534
2081,-34.24657534
2082,-30.82191781
2083,-34.24657534
2084,-34.24657534
2085,-34.24657534
2086,-34.24657534
2087,-34.24657534
2088,-30.82191781
2089,-34.24657534
2090,-34.24657534
2091,-34.24657534
2092,-34.24657534
2093,-30.82191781
2094,-34.24657534
2095,-34.24657534
2096,-30.82191781
2097,-30.82191781
2098,-34.24657534
2099,-34.24657534
2100,-34.24657534
2101,-34.24657534
2102,-34.24657534
2103,-34.24657534
2104,-34.24657534
2105,-34.24657534
2106,-34.24657534
2107,-34.24657534
2108,-34.24657534
2109,-34.24657534
2110,-34.24657534
2111,-34.24657534
2112,-34.24657534
2113,-34.24657534
2114,-30.82191781
2115,-34.24657534
2116,-30.82191781
2117,-34.24657534
2118,-30.82191781
2119,-34.24657534
2120,-34.24657534
2121,-30.82191781
2122,-34.24657534
2123,-30.82191781
2124,-34.24657534
2125,-34.24657534
2126,-34.24657534
2127,-34.24657534
2128,-30.82191781
2129,-34.24657534
2130,-34.24657534
2131,-34.24657534
2132,-34.24657534
2133,-34.24657534
2134,-34.24657534
2135,-34.24657534
2136,-34.24657534
2137,-34.24657534
2138,-30.82191781
2139,-30.82191781
2140,-34.24657534
2141,-34.24657534
2142,-34.24657534
2143,-30.82191781
2144,-34.24657534
2145,-34.24657534
2146,-34.24657534
2147,-34.24657534
2148,-34.24657534
2149,-34.24657534
2150,-30.82191781
2151,-34.24657534
2152,-34.24657534
2153,-34.24657534
2154,-30.82191781
2155,-34.24657534
2156,-34.24657534
2157,-30.82191781
2158,-34.24657534
2159,-30.82191781
2160,-30.82191781
2161,-34.24657534
2162,-34.24657534
2163,-30.82191781
2164,-34.24657534
2165,-34.24657534
2166,-34.24657534
2167,-34.24657534
2168,-34.24657534
2169,-34.24657534
2170,-34.24657534
2171,-34.24657534
2172,-34.24657534
2173,-34.24657534
2174,-34.24657534
2175,-30.82191781
2176,-30.82191781
2177,-34.24657534
2178,-30.82191781
2179,-30.82191781
2180,-30.82191781
2181,-34.24657534
2182,-34.24657534
2183,-34.24657534
2184,-34.24657534
2185,-34.24657534
2186,-34.24657534
2187,-34.24657534
2188,-34.24657534
2189,-34.24657534
2190,-34.24657534
2191,-34.24657534
2192,-34.24657534
2193,-34.24657534
2194,-30.82191781
2195,-30.82191781
2196,-34.24657534
2197,-34.24657534
2198,-34.24657534
2199,-34.24657534
2200,-34.24657534
2201,-34.24657534
2202,-34.24657534
2203,-34.24657534
2204,-34.24657534
2205,-34.24657534
2206,-34.24657534
2207,-34.24657534
2208,-34.24657534
2209,-30.82191781
2210,-34.24657534
2211,-34.24657534
2212,-30.82191781
2213,-30.82191781
2214,-30.82191781
2215,-34.24657534
2216,-34.24657534
2217,-34.24657534
2218,-34.24657534
2219,-34.24657534
2220,-34.24657534
2221,-30.82191781
2222,-34.24657534
2223,-34.24657534
2224,-34.24657534
2225,-34.24657534
2226,-34.24657534
2227,-30.82191781
2228,-34.24657534
2229,-34.24657534
2230,-34.24657534
2231,-34.24657534
2232,-34.24657534
2233,-34.24657534
2234,-34.24657534
2235,-34.24657534
2236,-34.24657534
2237,-34.24657534
2238,-34.24657534
2239,-34.24657534
2240,-34.24657534
2241,-34.24657534
2242,-34.24657534
2243,-34.24657534
2244,-34.24657534
2245,-34.24657534
2246,-34.24657534
2247,-34.24657534
2248,-34.24657534
2249,-30.82191781
2250,-34.24657534
2251,-34.24657534
2252,-34.24657534
2253,-34.24657534
2254,-34.24657534
2255,-34.24657534
2256,-34.24657534
2257,-34.24657534
2258,-30.82191781
2259,-34.24657534
2260,-30.82191781
2261,-34.24657534
2262,-30.82191781
2263,-34.24657534
2264,-34.24657534
2265,-30.82191781
2266,-34.24657534
2267,-34.24657534
2268,-34.24657534
2269,-34.24657534
2270,-30.82191781
2271,-34.24657534
2272,-34.24657534
2273,-30.82191781
2274,-34.24657534
2275,-34.24657534
2276,-34.24657534
2277,-34.24657534
2278,-34.24657534
2279,-34.24657534
2280,-34.24657534
2281,-34.24657534
2282,-34.24657534
2283,-34.24657534
2284,-30.82191781
2285,-34.24657534
2286,-30.82191781
2287,-34.24657534
2288,-34.24657534
2289,-30.82191781
2290,-34.24657534
2291,-30.82191781
2292,-30.82191781
2293,-34.24657534
2294,-34.24657534
2295,-34.24657534
2296,-34.24657534
2297,-34.24657534
2298,-34.24657534
2299,-34.24657534
2300,-34.24657534
2301,-34.24657534
2302,-34.24657534
2303,-34.24657534
2304,-30.82191781
2305,-34.24657534
2306,-34.24657534
2307,-30.82191781
2308,-30.82191781
2309,-34.24657534
2310,-34.24657534
2311,-30.82191781
2312,-30.82191781
2313,-34.24657534
2314,-30.82191781
2315,-34.24657534
2316,-34.24657534
2317,-34.24657534
2318,-34.24657534
2319,-34.24657534
2320,-34.24657534
2321,-34.24657534
2322,-34.24657534
2323,-34.24657534
2324,-34.24657534
2325,-34.24657534
2326,-30.82191781
2327,-34.24657534
2328,-34.24657534
2329,-34.24657534
2330,-34.24657534
2331,-34.24657534
2332,-34.24657534
2333,-30.82191781
2334,-34.24657534
2335,-30.82191781
2336,-34.24657534
2337,-34.24657534
2338,-34.24657534
2339,-34.24657534
2340,-34.24657534
2341,-34.24657534
2342,-30.82191781
2343,-34.24657534
2344,-34.24657534
2345,-34.24657534
2346,-34.24657534
2347,-34.24657534
2348,-34.24657534
2349,-34.24657534
2350,-34.24657534
2351,-30.82191781
2352,-34.24657534
2353,-34.24657534
2354,-34.24657534
2355,-30.82191781
2356,-34.24657534
2357,-30.82191781
2358,-30.82191781
2359,-34.24657534
2360,-34.24657534
2361,-34.24657534
2362,-34.24657534
2363,-34.24657534
2364,-34.24657534
2365,-34.24657534
2366,-34.24657534
2367,-34.24657534
2368,-30.82191781
2369,-34.24657534
2370,-34.24657534
2371,-34.24657534
2372,-30.82191781
2373,-30.82191781
2374,-34.24657534
2375,-34.24657534
2376,-34.24657534
2377,-30.82191781
2378,-30.82191781
2379,-34.24657534
2380,-30.82191781
2381,-34.24657534
2382,-34.24657534
2383,-34.24657534
2384,-34.24657534
2385,-34.24657534
2386,-30.82191781
2387,-34.24657534
2388,-34.24657534
2389,-34.24657534
2390,-30.82191781
2391,-34.24657534
2392,-34.24657534
2393,-30.82191781
2394,-34.24657534
2395,-34.24657534
2396,-34.24657534
2397,-34.24657534
2398,-34.24657534
2399,-34.24657534
2400,-34.24657534
2401,-34.24657534
2402,-34.24657534
2403,-34.24657534
2404,-34.24657534
2405,-34.24657534
2406,-34.24657534
2407,-34.24657534
2408,-34.24657534
2409,-34.24657534
2410,-34.24657534
2411,-34.24657534
2412,-30.82191781
2413,-34.24657534
2414,-34.24657534
2415,-34.24657534
2416,-34.24657534
2417,-34.24657534
2418,-30.82191781
2419,-34.24657534
2420,-34.24657534
2421,-34.24657534
2422,-34.24657534
2423,-34.24657534
2424,-34.24657534
2425,-34.24657534
2426,-34.24657534
2427,-34.24657534
2428,-34.24657534
2429,-30.82191781
2430,-34.24657534
2431,-34.24657534
2432,-34.24657534
2433,-34.24657534
2434,-34.24657534
2435,-34.24657534
2436,-34.24657534
2437,-34.24657534
2438,-34.24657534
2439,-30.82191781
2440,-34.24657534
2441,-34.24657534
2442,-34.24657534
2443,-34.24657534
2444,-34.24657534
2445,-34.24657534
2446,-34.24657534
2447,-34.24657534
2448,-34.24657534
2449,-34.24657534
2450,-34.24657534
2451,-34.24657534
2452,-34.24657534
2453,-34.24657534
2454,-34.24657534
2455,-34.24657534
2456,-34.24657534
2457,-34.24657534
2458,-34.24657534
2459,-34.24657534
2460,-30.82191781
2461,-34.24657534
2462,-34.24657534
2463,-34.24657534
2464,-34.24657534
2465,-30.82191781
2466,-34.24657534
2467,-34.24657534
2468,-34.24657534
2469,-34.24657534
2470,-34.24657534
2471,-34.24657534
2472,-34.24657534
2473,-34.24657534
2474,-34.24657534
2475,-34.24657534
2476,-34.24657534
2477,-30.82191781
2478,-34.24657534
2479,-34.24657534
2480,-30.82191781
2481,-34.24657534
2482,-30.82191781
2483,-34.24657534
2484,-34.24657534
2485,-34.24657534
2486,-34.24657534
2487,-34.24657534
2488,-34.24657534
2489,-34.24657534
2490,-34.24657534
2491,-30.82191781
2492,-34.24657534
2493,-34.24657534
2494,-34.24657534
2495,-34.24657534
2496,-34.24657534
2497,-34.24657534
2498,-34.24657534
2499,-34.24657534
2500,-34.24657534
2501,-34.24657534
2502,-34.24657534
2503,-34.24657534
2504,-34.24657534
2505,-34.24657534
2506,-34.24657534
2507,-30.82191781
2508,-34.24657534
2509,-34.24657534
2510,-34.24657534
2511,-34.24657534
2512,-34.24657534
2513,-34.24657534
2514,-34.24657534
2515,-34.24657534
2516,-34.24657534
2517,-34.24657534
2518,-34.24657534
2519,-34.24657534
2520,-34.24657534
2521,-34.24657534
2522,-34.24657534
2523,-34.24657534
2524,-34.24657534
2525,-30.82191781
2526,-34.24657534
2527,-34.24657534
2528,-34.24657534
2529,-34.24657534
2530,-34.24657534
2531,-30.82191781
2532,-34.24657534
2533,-34.24657534
2534,-30.82191781
2535,-34.24657534
2536,-34.24657534
2537,-34.24657534
2538,-34.24657534
2539,-34.24657534
2540,-34.24657534
2541,-34.24657534
2542,-34.24657534
2543,-34.24657534
2544,-34.24657534
2545,-34.24657534
2546,-34.24657534
2547,-34.24657534
2548,-34.24657534
2549,-34.24657534
2550,-34.24657534
2551,-34.24657534
2552,-30.82191781
2553,-30.82191781
2554,-34.24657534
2555,-34.24657534
2556,-34.24657534
2557,-34.24657534
2558,-34.24657534
2559,-34.24657534
2560,-34.24657534
2561,-34.24657534
2562,-34.24657534
2563,-34.24657534
2564,-34.24657534
2565,-34.24657534
2566,-34.24657534
2567,-34.24657534
2568,-34.24657534
2569,-34.24657534
2570,-34.24657534
2571,-34.24657534
2572,-34.24657534
2573,-34.24657534
2574,-34.24657534
2575,-30.82191781
2576,-34.24657534
2577,-34.24657534
2578,-34.24657534
2579,-34.24657534
2580,-34.24657534
2581,-34.24657534
2582,-34.24657534
2583,-34.24657534
2584,-34.24657534
2585,-30.82191781
2586,-34.24657534
2587,-34.24657534
2588,-34.24657534
2589,-34.24657534
2590,-34.24657534
2591,-34.24657534
2592,-34.24657534
2593,-34.24657534
2594,-34.24657534
2595,-34.24657534
2596,-34.24657534
2597,-34.24657534
2598,-34.24657534
2599,-34.24657534
2600,-34.24657534
2601,-34.24657534
2602,-30.82191781
2603,-30.82191781
2604,-34.24657534
2605,-34.24657534
2606,-34.24657534
2607,-34.24657534
2608,-34.24657534
2609,-30.82191781
2610,-34.24657534
2611,-30.82191781
2612,-34.24657534
2613,-30.82191781
2614,-34.24657534
2615,-34.24657534
2616,-34.24657534
2617,-34.24657534
2618,-30.82191781
2619,-34.24657534
2620,-34.24657534
2621,-34.24657534
2622,-30.82191781
2623,-34.24657534
2624,-30.82191781
2625,-34.24657534
2626,-34.24657534
2627,-34.24657534
2628,-34.24657534
2629,-34.24657534
2630,-34.24657534
2631,-34.24657534
2632,-34.24657534
2633,-34.24657534
2634,-34.24657534
2635,-34.24657534
2636,-34.24657534
2637,-34.24657534
2638,-34.24657534
2639,-34.24657534
2640,-34.24657534
2641,-34.24657534
2642,-34.24657534
2643,-34.24657534
2644,-34.24657534
2645,-34.24657534
2646,-34.24657534
2647,-30.82191781
2648,-34.24657534
2649,-34.24657534
2650,-34.24657534
2651,-34.24657534
2652,-34.24657534
2653,-30.82191781
2654,-34.24657534
2655,-34.24657534
2656,-34.24657534
2657,-34.24657534
2658,-34.24657534
2659,-34.24657534
2660,-34.24657534
2661,-34.24657534
2662,-30.82191781
2663,-34.24657534
2664,-34.24657534
2665,-34.24657534
2666,-34.24657534
2667,-34.24657534
2668,-34.24657534
2669,-30.82191781
2670,-30.82191781
2671,-34.24657534
2672,-34.24657534
2673,-34.24657534
2674,-34.24657534
2675,-34.24657534
2676,-34.24657534
2677,-34.24657534
2678,-34.24657534
2679,-34.24657534
2680,-34.24657534
2681,-30.82191781
2682,-34.24657534
2683,-34.24657534
2684,-34.24657534
2685,-34.24657534
2686,-34.24657534
2687,-34.24657534
2688,-34.24657534
2689,-34.24657534
2690,-34.24657534
2691,-34.24657534
2692,-34.24657534
2693,-34.24657534
2694,-34.24657534
2695,-34.24657534
2696,-30.82191781
2697,-34.24657534
2698,-34.24657534
2699,-34.24657534
2700,-34.24657534
2701,-34.24657534
2702,-34.24657534
2703,-34.24657534
2704,-34.24657534
2705,-34.24657534
2706,-34.24657534
2707,-34.24657534
2708,-34.24657534
2709,-34.24657534
2710,-34.24657534
2711,-30.82191781
2712,-34.24657534
2713,-34.24657534
2714,-34.24657534
2715,-34.24657534
2716,-34.24657534
2717,-34.24657534
2718,-34.24657534
2719,-34.24657534
2720,-34.24657534
2721,-34.24657534
2722,-34.24657534
2723,-34.24657534
2724,-34.24657534
2725,-34.24657534
2726,-34.24657534
2727,-34.24657534
2728,-34.24657534
2729,-34.24657534
2730,-34.24657534
2731,-34.24657534
2732,-34.24657534
2733,-34.24657534
2734,-34.24657534
2735,-34.24657534
2736,-34.24657534
2737,-34.24657534
2738,-34.24657534
2739,-30.82191781
2740,-34.24657534
2741,-30.82191781
2742,-30.82191781
2743,-34.24657534
2744,-34.24657534
2745,-30.82191781
2746,-34.24657534
2747,-34.24657534
2748,-34.24657534
2749,-34.24657534
2750,-34.24657534
2751,-34.24657534
2752,-30.82191781
2753,-34.24657534
2754,-34.24657534
2755,-30.82191781
2756,-34.24657534
2757,-34.24657534
2758,-30.82191781
2759,-30.82191781
2760,-34.24657534
2761,-34.24657534
2762,-34.24657534
2763,-34.24657534
2764,-34.24657534
2765,-34.24657534
2766,-34.24657534
2767,-34.24657534
2768,-34.24657534
2769,-34.24657534
2770,-34.24657534
2771,-34.24657534
2772,-34.24657534
2773,-34.24657534
2774,-34.24657534
2775,-34.24657534
2776,-30.82191781
2777,-34.24657534
2778,-34.24657534
2779,-34.24657534
2780,-34.24657534
2781,-34.24657534
2782,-34.24657534
2783,-34.24657534
2784,-34.24657534
2785,-34.24657534
2786,-30.82191781
2787,-34.24657534
2788,-34.24657534
2789,-30.82191781
2790,-30.82191781
2791,-34.24657534
2792,-34.24657534
2793,-34.24657534
2794,-34.24657534
2795,-34.24657534
2796,-34.24657534
2797,-34.24657534
2798,-34.24657534
2799,-34.24657534
2800,-34.24657534
2801,-30.82191781
2802,-30.82191781
2803,-34.24657534
2804,-34.24657534
2805,-30.82191781
2806,-34.24657534
2807,-34.24657534
2808,-34.24657534
2809,-34.24657534
2810,-34.24657534
2811,-30.82191781
2812,-30.82191781
2813,-30.82191781
2814,-34.24657534
2815,-34.24657534
2816,-30.82191781
2817,-34.24657534
2818,-34.24657534
2819,-34.24657534
2820,-34.24657534
2821,-34.24657534
2822,-34.24657534
2823,-34.24657534
2824,-34.24657534
2825,-34.24657534
2826,-34.24657534
2827,-34.24657534
2828,-34.24657534
2829,-34.24657534
2830,-34.24657534
2831,-34.24657534
2832,-34.24657534
2833,-34.24657534
2834,-34.24657534
2835,-30.82191781
2836,-34.24657534
2837,-34.24657534
2838,-34.24657534
2839,-34.24657534
2840,-34.24657534
2841,-34.24657534
2842,-30.82191781
2843,-30.82191781
2844,-34.24657534
2845,-34.24657534
2846,-34.24657534
2847,-34.24657534
2848,-34.24657534
2849,-34.24657534
2850,-34.24657534
2851,-34.24657534
2852,-34.24657534
2853,-34.24657534
2854,-34.24657534
2855,-34.24657534
2856,-34.24657534
2857,-34.24657534
2858,-34.24657534
2859,-34.24657534
2860,-34.24657534
2861,-34.24657534
2862,-34.24657534
2863,-34.24657534
2864,-34.24657534
2865,-34.24657534
2866,-34.24657534
2867,-34.24657534
2868,-34.24657534
2869,-34.24657534
2870,-30.82191781
2871,-30.82191781
2872,-34.24657534
2873,-30.82191781
2874,-34.24657534
2875,-34.24657534
2876,-30.82191781
2877,-34.24657534
2878,-34.24657534
2879,-34.24657534
2880,-34.24657534
2881,-30.82191781
2882,-34.24657534
2883,-34.24657534
2884,-34.24657534
2885,-34.24657534
2886,-34.24657534
2887,-34.24657534
2888,-34.24657534
2889,-34.24657534
2890,-34.24657534
2891,-34.24657534
2892,-34.24657534
2893,-34.24657534
2894,-34.24657534
2895,-34.24657534
2896,-34.24657534
2897,-34.24657534
2898,-34.24657534
2899,-34.24657534
2900,-34.24657534
2901,-34.24657534
2902,-34.24657534
2903,-34.24657534
2904,-34.24657534
2905,-34.24657534
2906,-34.24657534
2907,-34.24657534
2908,-30.82191781
2909,-34.24657534
2910,-34.24657534
2911,-34.24657534
2912,-34.24657534
2913,-34.24657534
2914,-30.82191781
2915,-30.82191781
2916,-30.82191781
2917,-34.24657534
2918,-30.82191781
2919,-34.24657534
2920,-34.24657534
2921,-34.24657534
2922,-30.82191781
2923,-34.24657534
2924,-34.24657534
2925,-34.24657534
2926,-34.24657534
2927,-30.82191781
2928,-34.24657534
2929,-34.24657534
2930,-34.24657534
2931,-34.24657534
2932,-34.24657534
2933,-34.24657534
2934,-34.24657534
2935,-34.24657534
2936,-34.24657534
2937,-34.24657534
2938,-34.24657534
2939,-34.24657534
2940,-34.24657534
2941,-34.24657534
2942,-34.24657534
2943,-30.82191781
2944,-30.82191781
2945,-34.24657534
2946,-34.24657534
2947,-34.24657534
2948,-34.24657534
2949,-34.24657534
2950,-34.24657534
2951,-34.24657534
2952,-34.24657534
2953,-34.24657534
2954,-34.24657534
2955,-30.82191781
2956,-34.24657534
2957,-34.24657534
2958,-30.82191781
2959,-34.24657534
2960,-34.24657534
2961,-34.24657534
2962,-34.24657534
2963,-34.24657534
2964,-34.24657534
2965,-34.24657534
2966,-34.24657534
2967,-34.24657534
2968,-34.24657534
2969,-34.24657534
2970,-34.24657534
2971,-34.24657534
2972,-34.24657534
2973,-34.24657534
2974,-34.24657534
2975,-34.24657534
2976,-34.24657534
2977,-34.24657534
2978,-34.24657534
2979,-34.24657534
2980,-34.24657534
2981,-34.24657534
2982,-34.24657534
2983,-34.24657534
2984,-34.24657534
2985,-30.82191781
2986,-34.24657534
2987,-34.24657534
2988,-34.24657534
2989,-34.24657534
2990,-34.24657534
2991,-34.24657534
2992,-34.24657534
2993,-34.24657534
2994,-34.24657534
2995,-30.82191781
2996,-34.24657534
2997,-34.24657534
2998,-34.24657534
2999,-34.24657534
3000,-34.24657534
3001,-34.24657534
3002,-34.24657534
3003,-34.24657534
3004,-34.24657534
3005,-34.24657534
3006,-34.24657534
3007,-34.24657534
3008,-34.24657534
3009,-34.24657534
3010,-30.82191781
3011,-34.24657534
3012,-34.24657534
3013,-34.24657534
3014,-34.24657534
3015,-34.24657534
3016,-34.24657534
3017,-34.24657534
3018,-34.24657534
3019,-34.24657534
3020,-34.24657534
3021,-34.24657534
3022,-34.24657534
3023,-34.24657534
3024,-34.24657534
3025,-34.24657534
3026,-34.24657534
3027,-34.24657534
3028,-34.24657534
3029,-34.24657534
3030,-34.24657534
3031,-34.24657534
3032,-34.24657534
3033,-34.24657534
3034,-34.24657534
3035,-34.24657534
3036,-34.24657534
3037,-34.24657534
3038,-34.24657534
3039,-34.24657534
3040,-34.24657534
3041,-34.24657534
3042,-34.24657534
3043,-34.24657534
3044,-34.24657534
3045,-30.82191781
3046,-34.24657534
3047,-34.24657534
3048,-34.24657534
3049,-34.24657534
3050,-34.24657534
3051,-34.24657534
3052,-34.24657534
3053,-34.24657534
3054,-34.24657534
3055,-30.82191781
3056,-34.24657534
3057,-34.24657534
3058,-34.24657534
3059,-34.24657534
3060,-34.24657534
3061,-34.24657534
3062,-34.24657534
3063,-34.24657534
3064,-34.24657534
3065,-34.24657534
3066,-34.24657534
3067,-30.82191781
3068,-34.24657534
3069,-34.24657534
3070,-30.82191781
3071,-30.82191781
3072,-34.24657534
3073,-34.24657534
3074,-30.82191781
3075,-34.24657534
3076,-34.24657534
3077,-30.82191781
3078,-34.24657534
3079,-34.24657534
3080,-34.24657534
3081,-34.24657534
3082,-34.24657534
3083,-30.82191781
3084,-34.24657534
3085,-34.24657534
3086,-34.24657534
3087,-34.24657534
3088,-34.24657534
3089,-34.24657534
3090,-30.82191781
3091,-34.24657534
3092,-34.24657534
3093,-34.24657534
3094,-30.82191781
3095,-34.24657534
3096,-34.24657534
3097,-34.24657534
3098,-34.24657534
3099,-34.24657534
3100,-34.24657534
3101,-34.24657534
3102,-34.24657534
3103,-34.24657534
3104,-34.24657534
3105,-34.24657534
3106,-34.24657534
3107,-34.24657534
3108,-34.24657534
3109,-34.24657534
3110,-34.24657534
3111,-34.24657534
3112,-30.82191781
3113,-30.82191781
3114,-34.24657534
3115,-30.82191781
3116,-34.24657534
3117,-34.24657534
3118,-34.24657534
3119,-34.24657534
3120,-34.24657534
3121,-34.24657534
3122,-34.24657534
3123,-34.24657534
3124,-34.24657534
3125,-34.24657534
3126,-34.24657534
3127,-34.24657534
3128,-34.24657534
3129,-30.82191781
3130,-34.24657534
3131,-34.24657534
3132,-34.24657534
3133,-30.82191781
3134,-30.82191781
3135,-34.24657534
3136,-34.24657534
3137,-34.24657534
3138,-34.24657534
3139,-34.24657534
3140,-34.24657534
3141,-34.24657534
3142,-34.24657534
3143,-34.24657534
3144,-34.24657534
3145,-34.24657534
3146,-34.24657534
3147,-34.24657534
3148,-30.82191781
3149,-34.24657534
3150,-34.24657534
3151,-30.82191781
3152,-34.24657534
3153,-34.24657534
3154,-34.24657534
3155,-34.24657534
3156,-34.24657534
3157,-30.82191781
3158,-34.24657534
3159,-34.24657534
3160,-34.24657534
3161,-34.24657534
3162,-34.24657534
3163,-34.24657534
3164,-34.24657534
3165,-30.82191781
3166,-30.82191781
3167,-34.24657534
3168,-34.24657534
3169,-34.24657534
3170,-34.24657534
3171,-34.24657534
3172,-34.24657534
3173,-34.24657534
3174,-34.24657534
3175,-34.24657534
3176,-34.24657534
3177,-34.24657534
3178,-34.24657534
3179,-34.24657534
3180,-34.24657534
3181,-34.24657534
3182,-34.24657534
3183,-34.24657534
3184,-34.24657534
3185,-34.24657534
3186,-30.82191781
3187,-30.82191781
3188,-34.24657534
3189,-34.24657534
3190,-34.24657534
3191,-34.24657534
3192,-34.24657534
3193,-34.24657534
3194,-34.24657534
3195,-34.24657534
3196,-34.24657534
3197,-34.24657534
3198,-34.24657534
3199,-30.82191781
3200,-34.24657534
3201,-34.24657534
3202,-34.24657534
3203,-34.24657534
3204,-34.24657534
3205,-30.82191781
3206,-34.24657534
3207,-30.82191781
3208,-34.24657534
3209,-34.24657534
3210,-30.82191781
3211,-34.24657534
3212,-34.24657534
3213,-34.24657534
3214,-34.24657534
3215,-34.24657534
3216,-34.24657534
3217,-34.24657534
3218,-34.24657534
3219,-34.24657534
3220,-34.24657534
3221,-30.82191781
3222,-34.24657534
3223,-34.24657534
3224,-34.24657534
3225,-30.82191781
3226,-34.24657534
3227,-34.24657534
3228,-34.24657534
3229,-34.24657534
3230,-34.24657534
3231,-34.24657534
3232,-34.24657534
3233,-34.24657534
3234,-34.24657534
3235,-34.24657534
3236,-34.24657534
3237,-34.24657534
3238,-34.24657534
3239,-34.24657534
3240,-34.24657534
3241,-34.24657534
3242,-34.24657534
3243,-30.82191781
3244,-34.24657534
3245,-34.24657534
3246,-34.24657534
3247,-30.82191781
3248,-34.24657534
3249,-34.24657534
3250,-34.24657534
3251,-34.24657534
3252,-34.24657534
3253,-34.24657534
3254,-34.24657534
3255,-30.82191781
3256,-34.24657534
3257,-30.82191781
3258,-34.24657534
3259,-30.82191781
3260,-34.24657534
3261,-34.24657534
3262,-30.82191781
3263,-34.24657534
3264,-34.24657534
3265,-34.24657534
3266,-34.24657534
3267,-34.24657534
3268,-34.24657534
3269,-34.24657534
3270,-34.24657534
3271,-34.24657534
3272,-30.82191781
3273,-34.24657534
3274,-34.24657534
3275,-34.24657534
3276,-34.24657534
3277,-34.24657534
3278,-34.24657534
3279,-34.24657534
3280,-34.24657534
3281,-34.24657534
3282,-34.24657534
3283,-34.24657534
3284,-30.82191781
3285,-34.24657534
3286,-34.24657534
3287,-34.24657534
3288,-34.24657534
3289,-30.82191781
3290,-34.24657534
3291,-34.24657534
3292,-34.24657534
3293,-34.24657534
3294,-34.24657534
3295,-34.24657534
3296,-34.24657534
3297,-34.24657534
3298,-34.24657534
3299,-30.82191781
3300,-30.82191781
3301,-34.24657534
3302,-30.82191781
3303,-34.24657534
3304,-34.24657534
3305,-34.24657534
3306,-34.24657534
3307,-34.24657534
3308,-34.24657534
3309,-34.24657534
3310,-34.24657534
3311,-34.24657534
3312,-34.24657534
3313,-30.82191781
3314,-34.24657534
3315,-34.24657534
3316,-34.24657534
3317,-34.24657534
3318,-34.24657534
3319,-34.24657534
3320,-34.24657534
3321,-34.24657534
3322,-34.24657534
3323,-34.24657534
3324,-30.82191781
3325,-30.82191781
3326,-30.82191781
3327,-30.82191781
3328,-34.24657534
3329,-30.82191781
3330,-34.24657534
3331,-30.82191781
3332,-34.24657534
3333,-34.24657534
3334,-34.24657534
3335,-34.24657534
3336,-34.24657534
3337,-34.24657534
3338,-34.24657534
3339,-34.24657534
3340,-34.24657534
3341,-34.24657534
3342,-30.82191781
3343,-34.24657534
3344,-34.24657534
3345,-34.24657534
3346,-34.24657534
3347,-34.24657534
3348,-34.24657534
3349,-34.24657534
3350,-34.24657534
3351,-34.24657534
3352,-34.24657534
3353,-34.24657534
3354,-34.24657534
3355,-34.24657534
3356,-34.24657534
3357,-34.24657534
3358,-34.24657534
3359,-30.82191781
3360,-34.24657534
3361,-34.24657534
3362,-34.24657534
3363,-34.24657534
3364,-34.24657534
3365,-34.24657534
3366,-34.24657534
3367,-34.24657534
3368,-34.24657534
3369,-34.24657534
3370,-34.24657534
3371,-34.24657534
3372,-34.24657534
3373,-30.82191781
3374,-30.82191781
3375,-34.24657534
3376,-34.24657534
3377,-34.24657534
3378,-34.24657534
3379,-34.24657534
3380,-34.24657534
3381,-34.24657534
3382,-34.24657534
3383,-34.24657534
3384,-34.24657534
3385,-34.24657534
3386,-34.24657534
3387,-34.24657534
3388,-34.24657534
3389,-34.24657534
3390,-34.24657534
3391,-34.24657534
3392,-34.24657534
3393,-34.24657534
3394,-34.24657534
3395,-34.24657534
3396,-34.24657534
3397,-30.82191781
3398,-34.24657534
3399,-34.24657534
3400,-34.24657534
3401,-34.24657534
3402,-34.24657534
3403,-34.24657534
3404,-34.24657534
3405,-30.82191781
3406,-34.24657534
3407,-34.24657534
3408,-34.24657534
3409,-30.82191781
3410,-34.24657534
3411,-34.24657534
3412,-34.24657534
3413,-34.24657534
3414,-34.24657534
3415,-34.24657534
3416,-30.82191781
3417,-34.24657534
3418,-34.24657534
3419,-34.24657534
3420,-34.24657534
3421,-34.24657534
3422,-34.24657534
3423,-34.24657534
3424,-34.24657534
3425,-34.24657534
3426,-30.82191781
3427,-34.24657534
3428,-34.24657534
3429,-30.82191781
3430,-34.24657534
3431,-34.24657534
3432,-34.24657534
3433,-34.24657534
3434,-34.24657534
3435,-34.24657534
3436,-34.24657534
3437,-30.82191781
3438,-34.24657534
3439,-34.24657534
3440,-34.24657534
3441,-34.24657534
3442,-34.24657534
3443,-30.82191781
3444,-34.24657534
3445,-34.24657534
3446,-34.24657534
3447,-34.24657534
3448,-34.24657534
3449,-34.24657534
3450,-34.24657534
3451,-34.24657534
3452,-34.24657534
3453,-34.24657534
3454,-34.24657534
3455,-34.24657534
3456,-34.24657534
3457,-34.24657534
3458,-34.24657534
3459,-30.82191781
3460,-34.24657534
3461,-34.24657534
3462,-34.24657534
3463,-34.24657534
3464,-30.82191781
3465,-34.24657534
3466,-34.24657534
3467,-34.24657534
3468,-34.24657534
3469,-34.24657534
3470,-34.24657534
3471,-34.24657534
3472,-34.24657534
3473,-34.24657534
3474,-34.24657534
3475,-34.24657534
3476,-34.24657534
3477,-34.24657534
3478,-30.82191781
3479,-34.24657534
3480,-34.24657534
3481,-30.82191781
3482,-34.24657534
3483,-30.82191781
3484,-34.24657534
3485,-34.24657534
3486,-34.24657534
3487,-34.24657534
3488,-34.24657534
3489,-30.82191781
3490,-34.24657534
3491,-34.24657534
3492,-34.24657534
3493,-34.24657534
3494,-30.82191781
3495,-34.24657534
3496,-30.82191781
3497,-34.24657534
3498,-34.24657534
3499,-34.24657534
3500,-34.24657534
3501,-34.24657534
3502,-34.24657534
3503,-34.24657534
3504,-34.24657534
3505,-34.24657534
3506,-30.82191781
3507,-30.82191781
3508,-34.24657534
3509,-30.82191781
3510,-34.24657534
3511,-34.24657534
3512,-34.24657534
3513,-30.82191781
3514,-34.24657534
3515,-34.24657534
3516,-34.24657534
3517,-30.82191781
3518,-34.24657534
3519,-34.24657534
3520,-30.82191781
3521,-34.24657534
3522,-34.24657534
3523,-34.24657534
3524,-34.24657534
3525,-34.24657534
3526,-34.24657534
3527,-34.24657534
3528,-34.24657534
3529,-34.24657534
3530,-34.24657534
3531,-34.24657534
3532,-34.24657534
3533,-34.24657534
3534,-34.24657534
3535,-34.24657534
3536,-34.24657534
3537,-34.24657534
3538,-34.24657534
3539,-34.24657534
3540,-34.24657534
3541,-34.24657534
3542,-34.24657534
3543,-34.24657534
3544,-34.24657534
3545,-34.24657534
3546,-30.82191781
3547,-34.24657534
3548,-34.24657534
3549,-34.24657534
3550,-34.24657534
3551,-34.24657534
3552,-34.24657534
3553,-30.82191781
3554,-34.24657534
3555,-34.24657534
3556,-34.24657534
3557,-34.24657534
3558,-34.24657534
3559,-34.24657534
3560,-30.82191781
3561,-34.24657534
3562,-34.24657534
3563,-34.24657534
3564,-34.24657534
3565,-34.24657534
3566,-34.24657534
3567,-34.24657534
3568,-34.24657534
3569,-34.24657534
3570,-34.24657534
3571,-34.24657534
3572,-34.24657534
3573,-34.24657534
3574,-34.24657534
3575,-34.24657534
3576,-34.24657534
3577,-34.24657534
3578,-34.24657534
3579,-34.24657534
3580,-34.24657534
3581,-34.24657534
3582,-34.24657534
3583,-34.24657534
3584,-34.24657534
3585,-34.24657534
3586,-34.24657534
3587,-34.24657534
3588,-34.24657534
3589,-34.24657534
3590,-34.24657534
3591,-34.24657534
3592,-34.24657534
3593,-34.24657534
3594,-34.24657534
3595,-34.24657534
3596,-30.82191781
3597,-34.24657534
3598,-34.24657534
3599,-34.24657534
3600,-34.24657534
3601,-30.82191781
3602,-34.24657534
3603,-34.24657534
3604,-34.24657534
3605,-34.24657534
3606,-34.24657534
3607,-34.24657534
3608,-30.82191781
3609,-34.24657534
3610,-34.24657534
3611,-34.24657534
3612,-34.24657534
3613,-34.24657534
3614,-34.24657534
3615,-34.24657534
3616,-34.24657534
3617,-34.24657534
3618,-30.82191781
3619,-34.24657534
3620,-34.24657534
3621,-34.24657534
3622,-30.82191781
3623,-34.24657534
3624,-34.24657534
3625,-34.24657534
3626,-34.24657534
3627,-34.24657534
3628,-34.24657534
3629,-34.24657534
3630,-34.24657534
3631,-34.24657534
3632,-34.24657534
3633,-34.24657534
3634,-30.82191781
3635,-34.24657534
3636,-34.24657534
3637,-34.24657534
3638,-34.24657534
3639,-34.24657534
3640,-34.24657534
3641,-34.24657534
3642,-30.82191781
3643,-30.82191781
3644,-34.24657534
3645,-34.24657534
3646,-34.24657534
3647,-34.24657534
3648,-34.24657534
3649,-34.24657534
3650,-34.24657534
3651,-34.24657534
3652,-34.24657534
3653,-34.24657534
3654,-34.24657534
3655,-34.24657534
3656,-34.24657534
3657,-34.24657534
3658,-34.24657534
3659,-34.24657534
3660,-34.24657534
3661,-34.24657534
3662,-30.82191781
3663,-34.24657534
3664,-34.24657534
3665,-30.82191781
3666,-34.24657534
3667,-34.24657534
3668,-30.82191781
3669,-34.24657534
3670,-34.24657534
3671,-34.24657534
3672,-34.24657534
3673,-34.24657534
3674,-34.24657534
3675,-34.24657534
3676,-34.24657534
3677,-34.24657534
3678,-34.24657534
3679,-34.24657534
3680,-34.24657534
3681,-34.24657534
3682,-30.82191781
3683,-34.24657534
3684,-34.24657534
3685,-34.24657534
3686,-34.24657534
3687,-34.24657534
3688,-34.24657534
3689,-34.24657534
3690,-34.24657534
3691,-34.24657534
3692,-34.24657534
3693,-34.24657534
3694,-34.24657534
3695,-30.82191781
3696,-34.24657534
3697,-34.24657534
3698,-30.82191781
3699,-34.24657534
3700,-34.24657534
3701,-34.24657534
3702,-34.24657534
3703,-34.24657534
3704,-34.24657534
3705,-34.24657534
3706,-34.24657534
3707,-30.82191781
3708,-34.24657534
3709,-30.82191781
3710,-34.24657534
3711,-34.24657534
3712,-34.24657534
3713,-34.24657534
3714,-34.24657534
3715,-30.82191781
3716,-30.82191781
3717,-34.24657534
3718,-30.82191781
3719,-30.82191781
3720,-34.24657534
3721,-34.24657534
3722,-34.24657534
3723,-30.82191781
3724,-34.24657534
3725,-34.24657534
3726,-34.24657534
3727,-34.24657534
3728,-34.24657534
3729,-30.82191781
3730,-34.24657534
3731,-34.24657534
3732,-30.82191781
3733,-30.82191781
3734,-30.82191781
3735,-34.24657534
3736,-34.24657534
3737,-34.24657534
3738,-34.24657534
3739,-30.82191781
3740,-30.82191781
3741,-34.24657534
3742,-34.24657534
3743,-34.24657534
3744,-30.82191781
3745,-34.24657534
3746,-34.24657534
3747,-34.24657534
3748,-34.24657534
3749,-34.24657534
3750,-34.24657534
3751,-34.24657534
3752,-34.24657534
3753,-34.24657534
3754,-34.24657534
3755,-34.24657534
3756,-34.24657534
3757,-30.82191781
3758,-34.24657534
3759,-34.24657534
3760,-30.82191781
3761,-34.24657534
3762,-34.24657534
3763,-34.24657534
3764,-34.24657534
3765,-34.24657534
3766,-34.24657534
3767,-34.24657534
3768,-30.82191781
3769,-34.24657534
3770,-34.24657534
3771,-34.24657534
3772,-34.24657534
3773,-34.24657534
3774,-30.82191781
3775,-34.24657534
3776,-30.82191781
3777,-34.24657534
3778,-30.82191781
3779,-30.82191781
3780,-34.24657534
3781,-34.24657534
3782,-30.82191781
3783,-34.24657534
3784,-34.24657534
3785,-34.24657534
3786,-34.24657534
3787,-30.82191781
3788,-34.24657534
3789,-34.24657534
3790,-34.24657534
3791,-34.24657534
3792,-34.24657534
3793,-34.24657534
3794,-34.24657534
3795,-34.24657534
3796,-34.24657534
3797,-34.24657534
3798,-34.24657534
3799,-34.24657534
3800,-34.24657534
3801,-34.24657534
3802,-34.24657534
3803,-34.24657534
3804,-34.24657534
3805,-34.24657534
3806,-34.24657534
3807,-34.24657534
3808,-34.24657534
3809,-34.24657534
3810,-34.24657534
3811,-34.24657534
3812,-34.24657534
3813,-30.82191781
3814,-34.24657534
3815,-34.24657534
3816,-34.24657534
3817,-30.82191781
3818,-34.24657534
3819,-34.24657534
3820,-30.82191781
3821,-34.24657534
3822,-34.24657534
3823,-34.24657534
3824,-34.24657534
3825,-34.24657534
3826,-30.82191781
3827,-34.24657534
3828,-34.24657534
3829,-34.24657534
3830,-34.24657534
3831,-34.24657534
3832,-30.82191781
3833,-34.24657534
3834,-34.24657534
3835,-34.24657534
3836,-34.24657534
3837,-34.24657534
3838,-30.82191781
3839,-30.82191781
3840,-34.24657534
3841,-34.24657534
3842,-34.24657534
3843,-34.24657534
3844,-34.24657534
3845,-34.24657534
3846,-30.82191781
3847,-34.24657534
3848,-34.24657534
3849,-30.82191781
3850,-34.24657534
3851,-34.24657534
3852,-34.24657534
3853,-34.24657534
3854,-34.24657534
3855,-34.24657534
3856,-34.24657534
3857,-34.24657534
3858,-34.24657534
3859,-34.24657534
3860,-34.24657534
3861,-34.24657534
3862,-34.24657534
3863,-34.24657534
3864,-34.24657534
3865,-34.24657534
3866,-34.24657534
3867,-34.24657534
3868,-30.82191781
3869,-34.24657534
3870,-34.24657534
3871,-34.24657534
3872,-34.24657534
3873,-34.24657534
3874,-34.24657534
3875,-34.24657534
3876,-34.24657534
3877,-34.24657534
3878,-34.24657534
3879,-30.82191781
3880,-34.24657534
3881,-34.24657534
3882,-34.24657534
3883,-30.82191781
3884,-30.82191781
3885,-34.24657534
3886,-34.24657534
3887,-34.24657534
3888,-34.24657534
3889,-34.24657534
3890,-34.24657534
3891,-34.24657534
3892,-34.24657534
3893,-34.24657534
3894,-34.24657534
3895,-34.24657534
3896,-30.82191781
3897,-34.24657534
3898,-34.24657534
3899,-34.24657534
3900,-30.82191781
3901,-34.24657534
3902,-34.24657534
3903,-34.24657534
3904,-30.82191781
3905,-34.24657534
3906,-34.24657534
3907,-34.24657534
3908,-34.24657534
3909,-34.24657534
3910,-34.24657534
3911,-34.24657534
3912,-34.24657534
3913,-34.24657534
3914,-34.24657534
3915,-34.24657534
3916,-34.24657534
3917,-30.82191781
3918,-34.24657534
3919,-34.24657534
3920,-34.24657534
3921,-34.24657534
3922,-34.24657534
3923,-34.24657534
3924,-34.24657534
3925,-34.24657534
3926,-30.82191781
3927,-34.24657534
3928,-34.24657534
3929,-34.24657534
3930,-34.24657534
3931,-34.24657534
3932,-34.24657534
3933,-34.24657534
3934,-34.24657534
3935,-34.24657534
3936,-34.24657534
3937,-30.82191781
3938,-34.24657534
3939,-34.24657534
3940,-30.82191781
3941,-30.82191781
3942,-30.82191781
3943,-34.24657534
3944,-34.24657534
3945,-30.82191781
3946,-34.24657534
3947,-34.24657534
3948,-34.24657534
3949,-34.24657534
3950,-30.82191781
3951,-34.24657534
3952,-34.24657534
3953,-30.82191781
3954,-34.24657534
3955,-34.24657534
3956,-30.82191781
3957,-30.82191781
3958,-30.82191781
3959,-34.24657534
3960,-34.24657534
3961,-34.24657534
3962,-30.82191781
3963,-34.24657534
3964,-34.24657534
3965,-34.24657534
3966,-34.24657534
3967,-34.24657534
3968,-34.24657534
3969,-34.24657534
3970,-34.24657534
3971,-34.24657534
3972,-34.24657534
3973,-34.24657534
3974,-34.24657534
3975,-34.24657534
3976,-34.24657534
3977,-34.24657534
3978,-34.24657534
3979,-30.82191781
3980,-34.24657534
3981,-34.24657534
3982,-34.24657534
3983,-34.24657534
3984,-34.24657534
3985,-34.24657534
3986,-30.82191781
3987,-34.24657534
3988,-34.24657534
3989,-34.24657534
3990,-34.24657534
3991,-34.24657534
3992,-34.24657534
3993,-34.24657534
3994,-34.24657534
3995,-34.24657534
3996,-34.24657534
3997,-34.24657534
3998,-34.24657534
3999,-34.24657534
4000,-34.24657534
4001,-34.24657534
4002,-34.24657534
4003,-34.24657534
4004,-30.82191781
4005,-34.24657534
4006,-30.82191781
4007,-30.82191781
4008,-34.24657534
4009,-34.24657534
4010,-30.82191781
4011,-30.82191781
4012,-30.82191781
4013,-34.24657534
4014,-34.24657534
4015,-34.24657534
4016,-30.82191781
4017,-34.24657534
4018,-34.24657534
4019,-30.82191781
4020,-34.24657534
4021,-34.24657534
4022,-30.82191781
4023,-34.24657534
4024,-30.82191781
4025,-30.82191781
4026,-34.24657534
4027,-30.82191781
